season,player_display_name,player_position,player_gsis_id,avg_time_to_los,avg_rush_yards,efficiency,total_weeks
2016,Frank Gore,RB,00-0023500,2.327528090267222,3.898568753010554,3.8648131363162936,16
2017,Frank Gore,RB,00-0023500,2.5456259085709436,3.7580141416646238,3.807270585413658,16
2018,Frank Gore,RB,00-0023500,2.4685519857159592,4.968093573093573,3.247479464095698,10
2019,Frank Gore,RB,00-0023500,2.5443944009580375,3.6166480448387137,4.521416265870851,11
2020,Frank Gore,RB,00-0023500,2.6170792687296363,3.6034112070557085,4.204969928811616,12
2016,Darren Sproles,RB,00-0023564,2.8605792896128266,4.52771412984179,4.379935608474035,4
2017,Darren Sproles,RB,00-0023564,2.895555555555555,4.8,4.22125,1
2018,Darren Sproles,RB,00-0023564,2.8168999999999995,1.6153846153846154,7.737142857142858,1
2016,DeAngelo Williams,RB,00-0024242,2.981768526301285,3.4558229813664596,5.052611326336757,5
2016,Adrian Peterson,RB,00-0025394,2.4597142857142855,1.6074561403508771,8.321757215619694,2
2017,Adrian Peterson,RB,00-0025394,2.742475929893488,3.134193605622177,5.870661104901529,7
2018,Adrian Peterson,RB,00-0025394,2.9625912223474464,3.8525825098862665,5.157395012009688,13
2019,Adrian Peterson,RB,00-0025394,2.854776165726332,4.25957877685491,4.2763180918705626,14
2020,Adrian Peterson,RB,00-0025394,2.6166064057171274,3.7160833957708954,4.291045874630707,8
2021,Adrian Peterson,RB,00-0025394,3.0268625,1.7772727272727273,8.60248511904762,2
2017,Marshawn Lynch,RB,00-0025399,2.7344259841838476,4.426867211860144,3.883688875540747,12
2018,Marshawn Lynch,RB,00-0025399,2.85082093338937,4.141020188388609,4.3680504005393805,6
2019,Marshawn Lynch,RB,00-0025399,2.753992424242424,2.5,4.846278280542987,2
2016,Danny Woodhead,RB,00-0026019,2.4416249999999997,5.5625,2.623146067415731,1
2017,Mike Tolbert,FB,00-0026069,2.8166363636363636,3.6136363636363633,3.9957259001161445,2
2016,Darren McFadden,RB,00-0026144,3.1185,3.5,0.7434693877551022,1
2016,Jonathan Stewart,RB,00-0026153,2.847522176136953,3.83541211750886,4.720597549611708,13
2017,Jonathan Stewart,RB,00-0026153,2.8560024713249716,3.6491827943298536,5.211262121522828,15
2016,Chris Johnson,RB,00-0026164,2.3948571428571435,3.375,4.591296296296297,1
2017,Chris Johnson,RB,00-0026164,2.6586174242424243,2.626068376068376,6.698970588235294,3
2016,Matt Forte,RB,00-0026184,2.624755607627797,3.9419838182390308,4.5223699483884525,11
2017,Matt Forte,RB,00-0026184,2.807020212765958,3.8889967637540455,3.9217150599853867,4
2017,Jamaal Charles,RB,00-0026213,3.2046666666666668,4.0,5.659999999999999,1
2016,Tim Hightower,RB,00-0026289,2.523986253311517,4.056603789040859,3.9054111537816083,6
2016,Justin Forsett,RB,00-0026373,2.8486876876876877,3.575718763994626,5.185321743116011,5
2016,Arian Foster,RB,00-0026796,2.592538461538461,2.923076923076923,6.097631578947368,1
2016,LeSean McCoy,RB,00-0027029,2.97072962822054,5.506239370034321,4.318543562505436,13
2017,LeSean McCoy,RB,00-0027029,2.9237439088839188,3.7392839616498814,6.242337129375208,17
2018,LeSean McCoy,RB,00-0027029,2.9623473911181146,2.9443054944014024,6.779183191372166,9
2019,LeSean McCoy,RB,00-0027029,2.7263389092538293,4.794094409440944,4.1750207838358016,6
2016,Rashad Jennings,RB,00-0027155,2.5039863679290453,3.220292838474656,4.691260121282681,11
2016,LeGarrette Blount,RB,00-0027325,2.70001395673239,3.7858499039408655,4.544070477041139,19
2017,LeGarrette Blount,RB,00-0027325,2.6314687112887114,4.929045809681648,3.79060136513269,11
2018,LeGarrette Blount,RB,00-0027325,2.76484441624003,3.0824108883319408,4.966178760390593,9
2016,Chris Ivory,RB,00-0027531,2.877129996392496,3.2893807574390825,6.167636259823604,8
2017,Chris Ivory,RB,00-0027531,2.6241430911925345,3.036502100840336,4.91510374263329,4
2018,Chris Ivory,RB,00-0027531,2.803626102225607,3.4993400621118016,4.561636803465937,6
2016,James Starks,RB,00-0027791,3.1493333333333338,2.5808823529411766,6.713259423503326,2
2016,Ryan Mathews,RB,00-0027864,2.697530040747436,4.284386951004098,4.600446044679092,8
2016,Mark Ingram,RB,00-0027966,2.5350115159730415,5.45613977144196,3.6099918358731693,12
2017,Mark Ingram,RB,00-0027966,2.681225541382047,4.778868868902836,3.8405464558864617,16
2018,Mark Ingram,RB,00-0027966,2.5569161257985016,4.709582446538968,3.7075090624575635,10
2019,Mark Ingram,RB,00-0027966,2.714746581834315,5.048066433151205,3.575535521357394,14
2020,Mark Ingram,RB,00-0027966,2.7201717171717172,4.040909090909091,4.1786085904416215,2
2021,Mark Ingram,RB,00-0027966,2.824017736879796,3.4919375763125764,4.597601949312523,8
2022,Mark Ingram,RB,00-0027966,2.719888888888889,4.4,4.121885057471265,2
2016,Shane Vereen,RB,00-0027994,2.6466722222222225,4.636363636363637,3.3963304904051173,2
2016,DeMarco Murray,RB,00-0028009,2.8899856130330384,4.381207177339597,4.560506136496126,17
2017,DeMarco Murray,RB,00-0028009,2.8008446351514356,3.7945941035614954,5.446365201988743,12
2017,Stevan Ridley,RB,00-0028011,2.604857142857143,4.705882352941177,3.644375,1
2016,Bilal Powell,RB,00-0028064,2.7625169841269837,5.061380985426787,3.400830423258468,5
2017,Bilal Powell,RB,00-0028064,3.0286268948543715,3.983642316681938,4.959814750935299,10
2018,Bilal Powell,RB,00-0028064,2.986083845811052,4.712946428571429,3.8436808639564912,4
2019,Bilal Powell,RB,00-0028064,2.4648888888888894,3.8947368421052633,2.8932432432432433,1
2017,Anthony Sherman,FB,00-0028074,2.639166666666666,2.857142857142857,4.4582500000000005,1
2016,Jacquizz Rodgers,RB,00-0028083,2.710714566080055,4.312362085718699,3.747168832569075,6
2017,Jacquizz Rodgers,RB,00-0028083,2.828092156862745,4.3569078947368425,3.6382647005934183,2
2016,Dion Lewis,RB,00-0028087,2.607459722222222,4.011315073815074,4.2503835147789735,4
2017,Dion Lewis,RB,00-0028087,2.656284582868822,5.02101763976764,3.392705390555776,12
2018,Dion Lewis,RB,00-0028087,2.8239292527772264,3.407719455448658,5.310575729154898,9
2019,Dion Lewis,RB,00-0028087,2.4197857142857147,4.533333333333333,3.572352941176471,1
2020,Dion Lewis,RB,00-0028087,2.3745555555555553,2.0,5.596000000000001,1
2016,Matt Asiata,RB,00-0028198,2.2493899623974847,3.6395710350255803,3.76534242511556,5
2016,Shaun Draughn,RB,00-0028202,2.283644117647059,1.8261904761904761,6.590789096126255,2
2016,DuJuan Harris,RB,00-0028409,2.8072875,4.722727272727273,4.187140373750543,2
2016,Alfred Morris,RB,00-0029141,2.8855,3.2941176470588234,5.544642857142857,1
2017,Alfred Morris,RB,00-0029141,2.8549965974469615,4.451167722037231,3.8189554884115022,6
2018,Alfred Morris,RB,00-0029141,2.5558160118555278,4.260532854282855,4.039523503343347,6
2018,Travaris Cadet,RB,00-0029205,2.7807,1.5454545454545454,7.108235294117648,1
2016,Doug Martin,RB,00-0029613,2.8488366479388834,2.872473536516056,5.385259270432815,8
2017,Doug Martin,RB,00-0029613,2.8937617563118794,3.245561925996709,5.093244831460689,8
2018,Doug Martin,RB,00-0029613,2.678571562742813,4.334555741416207,3.8642207887209574,10
2016,Lamar Miller,RB,00-0029615,2.5567488730243726,3.925629147406416,4.364358062949133,16
2017,Lamar Miller,RB,00-0029615,2.5874585688748435,3.8938151677470567,3.8125790860388493,15
2018,Lamar Miller,RB,00-0029615,2.727985428408267,4.608128530519066,4.608562728431351,14
2016,Fozzy Whittaker,RB,00-0029731,2.9835333333333334,6.25,3.2209000000000003,1
2016,C.J. Anderson,RB,00-0029854,2.509800887415373,3.951163063909774,4.363248650369972,8
2017,C.J. Anderson,RB,00-0029854,2.5513761488849975,4.32926141014053,3.7518164701137966,13
2018,C.J. Anderson,RB,00-0029854,2.414733339029392,5.546739130434782,3.2068200129674134,4
2019,C.J. Anderson,RB,00-0029854,2.6722222222222225,3.1818181818181817,4.367142857142857,1
2016,Theo Riddick,RB,00-0030107,2.773540986115986,3.643958215697346,5.904709358281445,7
2017,Theo Riddick,RB,00-0030107,2.7953750000000004,2.9,5.136551724137932,1
2016,Kerwynn Williams,RB,00-0030117,2.818363636363636,5.0,3.7145000000000006,1
2017,Kerwynn Williams,RB,00-0030117,2.672109221946355,3.8817952543336176,4.050854468096156,6
2016,Rex Burkhead,RB,00-0030288,2.42098,3.9537037037037037,3.962885154061625,2
2017,Rex Burkhead,RB,00-0030288,2.4395575757575756,4.648717948717949,3.52999943019943,3
2018,Rex Burkhead,RB,00-0030288,2.7175940170940174,3.324074074074074,4.54047549249531,3
2019,Rex Burkhead,RB,00-0030288,2.511909090909091,4.2727272727272725,3.0825531914893616,1
2020,Rex Burkhead,RB,00-0030288,2.444,4.378787878787879,3.5432480158730155,2
2021,Rex Burkhead,RB,00-0030288,2.7831507120140078,3.2351641414141414,4.8554674314588215,8
2022,Rex Burkhead,RB,00-0030288,2.7207500000000002,2.857142857142857,4.537499999999999,1
2016,Chris Thompson,RB,00-0030404,3.1795000000000004,6.083333333333333,3.6845205479452057,1
2017,Chris Thompson,RB,00-0030404,2.8274545454545454,2.0625,7.496666666666666,1
2016,Spencer Ware,RB,00-0030414,2.8181612461175622,4.4573315617992835,4.175315676606327,14
2018,Spencer Ware,RB,00-0030414,2.791358333333333,4.178571428571429,4.148448226950355,2
2016,Christine Michael,RB,00-0030432,2.4949308206407563,4.196696696696697,4.437830778014198,10
2016,Mike Gillislee,RB,00-0030433,2.755437973019888,5.775691140542626,3.947245810300301,5
2017,Mike Gillislee,RB,00-0030433,2.5245886695871533,3.6258668414918414,4.304194278686863,8
2016,Giovani Bernard,RB,00-0030456,2.699395389834396,3.640623690035455,5.150537320919389,5
2017,Giovani Bernard,RB,00-0030456,2.7065361757037287,4.7179467875120045,3.768764772444092,6
2018,Giovani Bernard,HB,00-0030456,2.956883333333333,4.841666666666667,3.6960952720361133,2
2020,Giovani Bernard,RB,00-0030456,2.602108314573489,3.3694709815274333,4.519653772106175,6
2021,Giovani Bernard,RB,00-0030456,2.729545454545454,3.3846153846153846,4.949090909090909,1
2018,Kenjon Barner,RB,00-0030465,2.6517777777777773,3.6,4.683055555555555,1
2016,Eddie Lacy,RB,00-0030485,2.7095545454545458,5.153959765724472,4.030845270762587,5
2017,Eddie Lacy,RB,00-0030485,2.7296142857142853,3.5080213903743314,4.854409305528232,3
2016,Le'Veon Bell,RB,00-0030496,3.0771767079506676,4.88226468907175,4.119862535445866,15
2017,Le'Veon Bell,RB,00-0030496,3.0392847618823775,3.987440821883511,4.243901447723211,17
2019,Le'Veon Bell,RB,00-0030496,2.8429812979174267,3.26365543995376,4.657379622123034,15
2020,Le'Veon Bell,RB,00-0030496,3.0659264957264956,4.1283605283605285,4.291329749103942,3
2021,Le'Veon Bell,RB,00-0030496,2.4468181818181822,4.363636363636363,3.2581249999999997,1
2016,Latavius Murray,RB,00-0030513,2.562199678040844,3.949569279123935,4.14426373310626,13
2017,Latavius Murray,RB,00-0030513,2.6895731897899045,3.9407064670222556,4.415970803751735,13
2018,Latavius Murray,RB,00-0030513,2.7441737292423345,4.196032671032671,3.6854216680998966,9
2019,Latavius Murray,RB,00-0030513,2.6301611271643157,3.98315985145961,3.8370863962791226,5
2020,Latavius Murray,RB,00-0030513,2.569605339466093,4.653365442803078,3.3193606690040247,9
2021,Latavius Murray,RB,00-0030513,2.6554820286195286,4.280173938262173,3.8323740836468647,6
2022,Latavius Murray,RB,00-0030513,2.652282174383587,4.69859588124294,3.43470692273929,10
2023,Latavius Murray,RB,00-0030513,2.4779343434343435,3.625,3.3316666666666666,2
2016,Denard Robinson,RB,00-0030547,2.519113122171946,3.0588235294117645,4.664240445089501,2
2021,Cordarrelle Patterson,RB,00-0030578,2.8088783020550876,4.313348066499327,4.578385633771306,7
2022,Cordarrelle Patterson,RB,00-0030578,2.8062732885283745,5.017307919023605,3.983886892889996,9
2023,Cordarrelle Patterson,RB,00-0030578,3.3934444444444445,5.6,3.909464285714286,1
2016,Isaiah Crowell,RB,00-0030656,2.7089231257770234,5.427831196581196,3.901283887927079,12
2017,Isaiah Crowell,RB,00-0030656,2.729947133692134,3.909527324858188,4.596049815349909,15
2018,Isaiah Crowell,RB,00-0030656,2.8999335081585085,5.070413752913753,4.499384140741533,10
2016,Charcandrick West,RB,00-0030668,2.8474499658236496,3.2337662337662336,4.939881959717737,5
2016,Orleans Darkwa,RB,00-0030860,2.6211527777777777,4.65,3.3866293238993705,2
2017,Orleans Darkwa,RB,00-0030860,2.5741832729973075,4.327284224871944,3.754862298732059,9
2017,Damien Williams,RB,00-0030874,2.765625,7.8,2.485384615384616,1
2018,Damien Williams,RB,00-0030874,2.6950736363636363,5.123888111888112,3.6369099250447525,5
2019,Damien Williams,RB,00-0030874,2.9210086023635045,5.336998957161495,4.383333002989287,9
2021,Damien Williams,RB,00-0030874,2.9854999999999996,4.0,4.36984375,1
2016,Carlos Hyde,RB,00-0031045,2.693110013851367,4.489020335865462,4.804122477365745,14
2017,Carlos Hyde,RB,00-0031045,2.81503154589372,4.005155103066867,5.131749125959224,15
2018,Carlos Hyde,RB,00-0031045,2.9678948354341737,3.031727610327578,5.544708354041006,10
2019,Carlos Hyde,RB,00-0031045,2.7501255519134844,4.117655196158006,4.264819960746194,17
2020,Carlos Hyde,RB,00-0031045,2.8541413586413587,4.010714285714286,5.807886445429724,4
2021,Carlos Hyde,RB,00-0031045,2.584294117647058,3.1904761904761907,4.677910447761193,1
2016,Andre Williams,RB,00-0031055,2.607625,4.833333333333333,3.3882758620689644,1
2016,Ka'Deem Carey,RB,00-0031057,2.6806666666666663,4.8,3.86,1
2017,James White,RB,00-0031062,2.2993333333333332,3.8,4.302631578947367,1
2018,James White,RB,00-0031062,2.864344532279315,3.5803245218138837,4.762948418722328,3
2019,James White,RB,00-0031062,2.491333333333334,5.642857142857143,2.8929113924050633,1
2016,Alfred Blue,RB,00-0031075,2.440159593810445,3.87728354978355,4.271259220383878,5
2017,Alfred Blue,RB,00-0031075,2.6632152777777782,4.499999999999999,4.1026591124924465,3
2018,Alfred Blue,RB,00-0031075,2.701028869297432,3.0477655677655675,4.7903854255506255,7
2017,Kapri Bibbs,RB,00-0031102,2.7154166666666666,3.9166666666666665,4.330212765957446,1
2016,Devonta Freeman,RB,00-0031285,2.6989226009528844,4.718274023110261,4.580752974896446,19
2017,Devonta Freeman,RB,00-0031285,2.863056497928821,3.946792432017996,5.573253760143958,15
2019,Devonta Freeman,RB,00-0031285,2.842772275513354,3.5421326283855663,4.798065012536701,13
2020,Devonta Freeman,RB,00-0031285,2.7925,3.3061002178649237,4.3223666169895685,3
2021,Devonta Freeman,RB,00-0031285,2.906580185439561,4.285773026315789,3.9454610251201947,8
2016,Jeremy Hill,RB,00-0031301,2.618227782538812,3.1921366843010066,5.472039596812022,12
2016,Terrance West,RB,00-0031375,2.7660956657757962,4.201214062553945,4.610723181193259,13
2017,Terrance West,RB,00-0031375,2.909222222222222,4.2105263157894735,4.18525,1
2016,Jerick McKinnon,RB,00-0031376,2.623732837206367,3.522887833107959,5.179189367469858,9
2017,Jerick McKinnon,RB,00-0031376,2.9494504662004664,3.7330540293040295,5.174581424368938,10
2020,Jerick McKinnon,RB,00-0031376,3.1092051282051285,3.1845238095238098,5.681477886148939,4
2021,Jerick McKinnon,RB,00-0031376,2.7964212962962964,4.3,3.9259695950679556,3
2022,Jerick McKinnon,RB,00-0031376,2.9379444444444447,3.7363636363636363,4.8253076923076925,2
2016,Charles Sims,RB,00-0031390,2.7708571428571425,3.0487179487179485,6.397961038961039,2
2016,Jeremy Langford,RB,00-0031569,2.472282336182336,2.8327985739750443,5.730783529336161,3
2017,Javorius Allen,RB,00-0031577,2.380664827819239,4.136297595961461,3.6010809531506576,7
2018,Javorius Allen,RB,00-0031577,2.8297777777777773,3.0,5.5553333333333335,1
2016,Jay Ajayi,RB,00-0031590,2.762791944215541,4.455455190173235,4.808160769434722,14
2017,Jay Ajayi,RB,00-0031590,2.856276338074018,3.5816872081838644,5.399483486042254,13
2018,Jay Ajayi,RB,00-0031590,2.7420357142857146,4.4,3.880209677419355,2
2016,Cameron Artis-Payne,RB,00-0031599,2.849776960784314,4.319444444444445,3.8935093867334167,2
2018,Cameron Artis-Payne,RB,00-0031599,2.7485384615384616,3.5,4.628928571428572,1
2016,Zach Zenner,FB,00-0031665,2.570179541359541,4.012510822510822,4.193052900639311,5
2018,Zach Zenner,RB,00-0031665,2.8294129629629627,4.476190476190476,3.258017124651533,3
2016,Terron Ward,RB,00-0031682,3.042444444444444,2.4,6.510416666666668,1
2018,Raheem Mostert,RB,00-0031687,2.8214545454545448,7.25,2.9428735632183907,1
2019,Raheem Mostert,RB,00-0031687,2.846946992284202,5.892308543559812,3.3975363178577367,11
2020,Raheem Mostert,RB,00-0031687,2.889437360693265,4.705113758790229,4.2800553177360845,7
2022,Raheem Mostert,RB,00-0031687,2.833893814279272,5.1263903737453465,3.8345684909628823,10
2023,Raheem Mostert,RB,00-0031687,2.919570343895134,4.966424937046344,4.426146817784467,14
2024,Raheem Mostert,RB,00-0031687,2.9476820175438596,4.785326953748006,4.343678571428572,3
2016,Corey Grant,RB,00-0031731,3.067,6.777777777777778,3.508032786885246,1
2017,Corey Grant,RB,00-0031731,2.7274000000000003,6.9,2.594492753623188,1
2017,Malcolm Brown,RB,00-0031806,2.552285989010989,4.130194805194805,3.8504922636452243,4
2018,Malcolm Brown,RB,00-0031806,2.6580555555555554,4.416666666666667,3.7287324414715717,2
2019,Malcolm Brown,RB,00-0031806,2.4304747474747477,4.2272727272727275,3.618061320754718,2
2020,Malcolm Brown,RB,00-0031806,2.905087222222222,4.502026202620263,3.794552883248538,5
2016,Thomas Rawls,RB,00-0031897,2.5219994861769055,4.047724048896322,4.682120183376434,9
2017,Thomas Rawls,RB,00-0031897,2.9253311688311685,2.9863636363636363,5.568981481481481,2
2017,Rod Smith,RB,00-0031900,2.5882,2.7,5.2592592592592595,1
2018,Rod Smith,RB,00-0031900,2.4428888888888887,2.9166666666666665,4.477428571428571,1
2016,Matt Jones,RB,00-0031939,2.7990670353456073,4.5474670404292254,4.247435036140574,7
2018,Marcus Murphy,RB,00-0031959,2.5762357142857146,4.055194805194805,3.9922463768115946,2
2016,Tevin Coleman,RB,00-0032058,2.859237490391229,3.969212184103225,4.884497496963916,7
2017,Tevin Coleman,RB,00-0032058,2.8018724759615385,4.267012373591321,5.002460844895848,8
2018,Tevin Coleman,RB,00-0032058,2.835896749002632,5.356116345548844,4.533509324069115,11
2019,Tevin Coleman,RB,00-0032058,2.876194646058371,4.064474735186414,5.349724390345216,9
2020,Tevin Coleman,RB,00-0032058,3.1158888888888887,0.8571428571428571,18.16,1
2021,Tevin Coleman,RB,00-0032058,2.6989382284382284,4.5105519480519485,3.769915290456369,3
2017,Mike Davis,RB,00-0032063,2.923445833333333,3.716666666666667,5.243504166666667,4
2018,Mike Davis,RB,00-0032063,2.686070762570763,4.782359307359307,3.5762242920587024,6
2020,Mike Davis,RB,00-0032063,2.778744594876132,4.008492696830017,4.294607000911703,11
2021,Mike Davis,RB,00-0032063,2.81527654115351,3.3720178372352283,5.787418855961441,6
2016,Ameer Abdullah,RB,00-0032104,2.8521818181818186,5.25,4.163333333333334,1
2017,Ameer Abdullah,RB,00-0032104,3.0211241299945844,3.353281477880408,5.600713196183514,11
2024,Ameer Abdullah,RB,00-0032104,2.6675,4.825,3.192973244147158,2
2016,Melvin Gordon,RB,00-0032144,2.504112973364274,3.856948460686022,4.440830511011635,13
2017,Melvin Gordon,RB,00-0032144,2.714483253544916,4.004213746325012,4.600067242901715,16
2018,Melvin Gordon,RB,00-0032144,2.7691922907339577,4.9314268419918585,3.97123820029766,13
2019,Melvin Gordon,RB,00-0032144,2.729422617012617,3.890869007535674,4.328556544938224,9
2020,Melvin Gordon,RB,00-0032144,2.903958330586906,4.808581742509145,3.971880854179463,13
2021,Melvin Gordon,RB,00-0032144,2.788072621500291,4.953234261512658,3.9295203345048595,12
2022,Melvin Gordon,RB,00-0032144,2.713598987021209,3.638888888888889,4.632474642875893,6
2023,Melvin Gordon,RB,00-0032144,2.7625555555555557,3.2,3.6475000000000004,1
2016,David Johnson,RB,00-0032187,2.6705092662901477,4.249421167621984,4.082941335831341,16
2017,David Johnson,RB,00-0032187,3.3167,2.090909090909091,8.399565217391304,1
2018,David Johnson,RB,00-0032187,2.626124086180525,3.5244605597937935,4.135985289726847,16
2019,David Johnson,RB,00-0032187,2.806019626272084,3.90200713855282,4.014747251576472,6
2020,David Johnson,RB,00-0032187,2.548246949934511,4.837458692949525,3.7519366193910058,11
2021,David Johnson,RB,00-0032187,2.633,2.6423076923076922,5.635982905982906,2
2016,Ty Montgomery,RB,00-0032200,3.2171153846153846,5.617424242424242,4.489761842220471,3
2017,Ty Montgomery,RB,00-0032200,2.852777777777778,3.0146929824561406,4.837883597883598,4
2020,Ty Montgomery,RB,00-0032200,2.7735882352941177,5.833333333333333,3.1771428571428575,1
2016,T.J. Yeldon,RB,00-0032209,2.457335179526356,3.580396716826266,4.898372615476029,5
2017,T.J. Yeldon,RB,00-0032209,2.4036999999999997,3.727272727272727,3.8339024390243903,1
2018,T.J. Yeldon,RB,00-0032209,2.821693356198365,3.990974765974766,4.235579176639511,6
2016,Todd Gurley,RB,00-0032241,2.5416148038306234,3.23740836605669,4.934369523390541,17
2017,Todd Gurley,RB,00-0032241,2.807062458779259,4.840979445990499,4.1793453919246275,17
2018,Todd Gurley,RB,00-0032241,2.779372059093423,4.818798492422438,3.9764844689247165,17
2019,Todd Gurley,RB,00-0032241,2.898931097330707,3.9053303475244894,4.718047764766335,14
2020,Todd Gurley,RB,00-0032241,2.90237250069375,3.8735487513376534,4.909352841871894,10
2016,Duke Johnson,RB,00-0032257,2.3653333333333335,6.9,2.7527536231884056,1
2017,Duke Johnson,RB,00-0032257,2.580625,5.4,3.3888888888888884,1
2020,Duke Johnson,RB,00-0032257,2.70134940984941,2.6398809523809526,6.028323095453177,3
2021,Duke Johnson,RB,00-0032257,2.8521843434343435,4.181212121212121,3.826551375242964,3
2016,Rob Kelley,RB,00-0032371,2.683018664473928,4.031234968734968,4.395236211030231,9
2017,Rob Kelley,RB,00-0032371,2.6017878787878783,3.5952380952380953,6.44594301994302,3
2016,C.J. Prosise,RB,00-0032393,2.5691176470588237,3.8823529411764706,4.770151515151514,1
2016,Kenneth Dixon,RB,00-0032411,2.6395772929292933,4.161118881118881,4.199184086727743,5
2018,Kenneth Dixon,RB,00-0032411,2.78159595959596,5.832750582750582,3.3011671199171206,3
2016,Paul Perkins,RB,00-0032417,2.593282187327581,3.9231292517006797,3.996197548756345,7
2017,Alex Collins,RB,00-0032426,3.0107998012233668,4.067314825152271,5.093846642348634,13
2018,Alex Collins,RB,00-0032426,3.0327272469593898,3.838440798967114,4.888496284703126,7
2020,Alex Collins,RB,00-0032426,2.4524,3.909090909090909,4.147441860465116,1
2021,Alex Collins,RB,00-0032426,2.6728586062157653,3.834548611111111,3.9751509706909958,8
2016,Dwayne Washington,RB,00-0032450,3.063580461995096,2.6885632885632886,10.017834231917158,6
2018,Dwayne Washington,RB,00-0032450,2.6955409090909086,7.045454545454545,3.3981924743892833,2
2019,Tra Carson,RB,00-0032540,3.02825,2.8333333333333335,4.619705882352941,1
2019,J.D. McKissic,RB,00-0032602,2.473666666666667,3.6,3.876666666666667,1
2020,J.D. McKissic,RB,00-0032602,2.7083590643274857,4.799670917317976,3.809574670964276,3
2016,Peyton Barber,RB,00-0032741,2.727709090909091,4.328282828282828,4.046806734578381,3
2017,Peyton Barber,RB,00-0032741,2.8384217144268775,4.144020285980004,3.775589740828317,8
2018,Peyton Barber,RB,00-0032741,2.766185713252599,3.697569060053581,4.5852363966469945,15
2019,Peyton Barber,RB,00-0032741,2.694608714396005,2.94519992652985,4.468742295488584,9
2020,Peyton Barber,RB,00-0032741,2.6833818987385167,2.959761977002277,4.777648908826963,6
2021,Peyton Barber,RB,00-0032741,2.453328282828283,3.6438127090301005,4.298179898648648,2
2016,Derrick Henry,RB,00-0032764,2.7382365639589166,4.107575757575757,4.2898476713762435,5
2017,Derrick Henry,RB,00-0032764,2.906361595172504,4.954358328032137,5.160390830169428,11
2018,Derrick Henry,RB,00-0032764,2.8732305925987145,4.990084224023177,4.29274423169833,12
2019,Derrick Henry,RB,00-0032764,2.731063899157671,4.990643679936845,3.8986377529837277,19
2020,Derrick Henry,RB,00-0032764,2.767542310887996,5.104549026512307,3.998017030298038,18
2021,Derrick Henry,RB,00-0032764,2.737109182492344,4.181044085259819,4.217247665059,10
2022,Derrick Henry,RB,00-0032764,2.6945507468088636,4.3073717113377015,4.289025077740482,17
2023,Derrick Henry,RB,00-0032764,2.8337935247167345,4.062949262878314,5.269112650426923,18
2024,Derrick Henry,RB,00-0032764,2.7374862084029217,5.913787554106205,3.1873416053424237,20
2016,Jordan Howard,RB,00-0032780,2.746932209189841,5.343989242854334,3.8115816863825382,13
2017,Jordan Howard,RB,00-0032780,3.0078694719307713,4.30094589675335,4.894252550815702,14
2018,Jordan Howard,RB,00-0032780,2.522718975674179,3.7140451447417395,4.073177911299787,17
2019,Jordan Howard,RB,00-0032780,2.7798859041999666,4.393627458824659,3.5606797612272656,8
2020,Jordan Howard,RB,00-0032780,2.403875,1.9,6.014210526315789,1
2021,Jordan Howard,RB,00-0032780,2.5218094382197322,4.851128936423054,3.507896130009644,6
2016,Wendell Smallwood,RB,00-0032782,2.7403273601398603,4.5746606334841635,4.34446019188266,3
2017,Wendell Smallwood,RB,00-0032782,2.808847222222222,4.658333333333333,3.7441694283347142,2
2018,Wendell Smallwood,RB,00-0032782,2.7106082818930037,4.188984674329502,3.935196782730772,6
2017,Elijhaa Penny,RB,00-0032813,2.1613333333333333,4.5,2.9353333333333333,1
2016,Kenneth Farrow,RB,00-0032902,2.4068461538461543,3.01875,4.341230769230769,2
2016,DeAndre Washington,RB,00-0032940,2.4840132716049386,5.504454022988506,3.143433050736354,4
2018,DeAndre Washington,RB,00-0032940,2.3353333333333333,3.25,4.024871794871795,1
2019,DeAndre Washington,RB,00-0032940,2.8385338330419585,3.898527889416636,4.092126884867793,4
2020,DeAndre Washington,RB,00-0032940,2.5494242424242426,3.230769230769231,4.040591836734694,2
2016,Devontae Booker,RB,00-0032972,2.4860110645063545,3.2394882416063826,5.001829152063678,8
2017,Devontae Booker,RB,00-0032972,2.5852076923076925,3.2987012987012987,4.156602870813397,2
2020,Devontae Booker,RB,00-0032972,2.489378760923845,4.245295698924731,3.5783958847736628,3
2021,Devontae Booker,RB,00-0032972,2.6368544134436993,3.5777171788255537,3.8503451696179214,7
2019,Jonathan Williams,RB,00-0032975,2.7785208333333338,6.461538461538462,3.163287466843502,2
2022,Jonathan Williams,RB,00-0032975,2.813454545454545,2.2857142857142856,6.3628125,1
2018,Jalen Richard,RB,00-0033025,2.7031,5.545454545454546,3.4873770491803286,1
2016,Ezekiel Elliott,RB,00-0033045,2.8406614649155535,5.201642456719183,3.776549993256243,17
2017,Ezekiel Elliott,RB,00-0033045,2.921400728426052,4.1579526113617025,4.025393451937704,10
2018,Ezekiel Elliott,RB,00-0033045,2.8738101482953122,4.622481949709089,4.056171020213075,18
2019,Ezekiel Elliott,RB,00-0033045,2.7152427759449336,4.508590118643859,3.7495543189264127,17
2020,Ezekiel Elliott,RB,00-0033045,2.610804555567971,3.93942141976277,3.8552589186116664,16
2021,Ezekiel Elliott,RB,00-0033045,2.8116111233755356,4.182151914644469,3.944627160996458,15
2022,Ezekiel Elliott,RB,00-0033045,2.7349559736706337,3.7909950313451493,4.292495469919098,17
2023,Ezekiel Elliott,RB,00-0033045,2.7079728349258683,3.3073178739419147,4.216996987282935,10
2024,Ezekiel Elliott,RB,00-0033045,2.901316666666667,3.7,3.8936617647058824,2
2017,Kenyan Drake,RB,00-0033118,2.92820376984127,4.8727091348773275,3.535521940930922,6
2018,Kenyan Drake,RB,00-0033118,2.83641977543154,4.305354367854368,4.2934877317254125,6
2019,Kenyan Drake,RB,00-0033118,2.839412390669342,4.62596122683021,4.013462977957366,11
2020,Kenyan Drake,RB,00-0033118,2.74949508504732,3.8916039350458123,4.4359361401015995,16
2021,Kenyan Drake,RB,00-0033118,2.2514615384615384,4.928571428571429,2.816666666666666,1
2022,Kenyan Drake,RB,00-0033118,3.1211559354947656,4.545677945907303,8.48206347333938,7
2019,Troymaine Pope,RB,00-0033164,3.314,2.0,8.2845,1
2020,Troymaine Pope,RB,00-0033164,2.820777777777778,6.7,2.784328358208955,1
2017,Christian McCaffrey,RB,00-0033280,2.7972132867132866,4.245833333333334,4.601238940076798,4
2018,Christian McCaffrey,RB,00-0033280,2.761112027340762,5.205265987808757,3.586605230528514,13
2019,Christian McCaffrey,RB,00-0033280,2.6625599613572435,4.9260742218530655,4.066285207365869,16
2020,Christian McCaffrey,RB,00-0033280,2.7531689393939396,3.7761674718196456,4.28645276581233,3
2021,Christian McCaffrey,RB,00-0033280,2.7656031920460498,4.6504701647558795,3.9373956114287045,7
2022,Christian McCaffrey,RB,00-0033280,2.755983798997652,4.811282608054081,3.865305078278911,18
2023,Christian McCaffrey,RB,00-0033280,2.8162288571305716,5.229599447035593,3.8616525343213355,20
2024,Christian McCaffrey,RB,00-0033280,3.035272053872054,3.325358851674641,5.447234454670142,3
2017,Aaron Jones,RB,00-0033293,2.8063973290598287,5.301976661109788,3.84882378890413,4
2018,Aaron Jones,RB,00-0033293,2.668296644096644,5.478430181216559,3.6778828556219096,9
2019,Aaron Jones,RB,00-0033293,2.7717213363027433,4.316831426953891,4.979386449102813,18
2020,Aaron Jones,RB,00-0033293,2.6989537636058363,5.4438891805352245,3.9836856956626967,16
2021,Aaron Jones,RB,00-0033293,2.670572869260369,4.4467485329714425,4.097299116439736,12
2022,Aaron Jones,RB,00-0033293,2.852543239028272,5.485285032214404,3.9920511836385018,12
2023,Aaron Jones,RB,00-0033293,2.641679714125993,4.861230032356793,3.7600097437029802,9
2024,Aaron Jones,RB,00-0033293,2.780635978261075,4.5209277339018055,4.045086782715165,16
2017,Elijah McGuire,RB,00-0033295,3.214743174603175,3.841083916083916,6.374055197132617,5
2018,Elijah McGuire,RB,00-0033295,2.9976743809523807,2.7281045751633988,5.887323385345655,5
2017,Matt Breida,RB,00-0033308,2.723730001772107,4.675974025974026,4.401018787385147,6
2018,Matt Breida,RB,00-0033308,2.896364046165277,5.815012520159579,4.353638452845397,10
2019,Matt Breida,RB,00-0033308,2.961752256123797,5.0874298691371855,5.255913708094294,9
2020,Matt Breida,RB,00-0033308,2.7022500000000007,7.166666666666667,2.8668604651162797,1
2023,Matt Breida,RB,00-0033308,2.227846153846153,2.142857142857143,4.775,1
2017,Samaje Perine,RB,00-0033526,2.820693070144217,3.338110080543786,4.8162853910407915,9
2020,Samaje Perine,RB,00-0033526,2.5556267806267807,4.56923076923077,3.6648464912280705,3
2021,Samaje Perine,RB,00-0033526,2.8078,5.045454545454545,3.3011619947848754,2
2022,Samaje Perine,RB,00-0033526,2.585565168539326,3.8335062254566896,4.030493590145833,4
2018,James Conner,RB,00-0033553,2.857409122989296,4.747027780724034,3.5491609722552084,11
2019,James Conner,RB,00-0033553,2.743568359499185,3.675388945293837,4.688832807217154,8
2020,James Conner,RB,00-0033553,2.967754058771544,4.267501399144757,4.490062374872761,11
2021,James Conner,RB,00-0033553,2.727383256343989,3.7295948107067685,4.266692298518556,13
2022,James Conner,RB,00-0033553,2.7515170074026014,4.0394489390391035,4.2059380697332145,11
2023,James Conner,RB,00-0033553,2.925306694366407,4.9439250715065945,3.8882100351431768,12
2024,James Conner,RB,00-0033553,2.864631024768286,4.93918803963407,3.9522773422370108,13
2017,Tarik Cohen,RB,00-0033556,3.1875756076388893,4.926313628899836,5.308994423510048,4
2018,Tarik Cohen,RB,00-0033556,3.04269068627451,4.2808857808857805,4.562699515553288,2
2019,Brian Hill,HB,00-0033567,2.9938157894736843,2.525,6.094754098360655,2
2020,Brian Hill,RB,00-0033567,2.873521080368906,4.170192307692307,4.342126309174696,4
2017,Chris Carson,RB,00-0033594,2.7795277777777776,3.7469696969696975,4.435965934761001,3
2018,Chris Carson,RB,00-0033594,2.819026277346294,4.442332585825084,4.007738599959408,13
2019,Chris Carson,RB,00-0033594,2.8323857030895447,4.42735411189749,3.9881712812930057,14
2020,Chris Carson,RB,00-0033594,2.8300915589575775,4.729484325645151,3.8855815623464887,10
2021,Chris Carson,RB,00-0033594,2.8033031250000002,4.261618589743589,4.697251229617157,4
2017,Austin Ekeler,RB,00-0033699,2.427888888888889,4.6,3.6282608695652168,1
2018,Austin Ekeler,RB,00-0033699,2.890359286745001,4.063027224347979,5.108736256861802,6
2019,Austin Ekeler,RB,00-0033699,3.0223458868092696,4.420409982174688,4.123590106806048,5
2020,Austin Ekeler,RB,00-0033699,2.8691361110194835,4.655511655049427,3.980013885881475,8
2021,Austin Ekeler,RB,00-0033699,2.680178998005778,4.496552759379716,3.7911870435831636,15
2022,Austin Ekeler,RB,00-0033699,2.762850014610993,4.5737390940099925,4.357324155335184,15
2023,Austin Ekeler,RB,00-0033699,2.6297455950098256,3.5527170120417386,5.200478732802823,14
2024,Austin Ekeler,RB,00-0033699,2.6295,3.6013986013986017,4.246401515151515,2
2017,Corey Clement,RB,00-0033725,2.8625925925925926,4.216666666666667,4.232933188090051,3
2018,Corey Clement,RB,00-0033725,3.076213286713287,3.7045454545454546,4.702014119601329,2
2021,Corey Clement,RB,00-0033725,2.823846153846154,3.3846153846153846,4.192954545454546,1
2017,Tion Green,RB,00-0033748,3.5181863636363637,4.068181818181818,4.841411764705883,2
2019,Trey Edmunds,RB,00-0033838,3.0815454545454544,6.083333333333333,2.6491780821917814,1
2020,Dare Ogunbowale,RB,00-0033854,2.632926282051282,4.321428571428571,3.525512676056338,2
2021,Dare Ogunbowale,RB,00-0033854,2.6872875816993465,3.0401069518716577,4.365684210526316,2
2022,Dare Ogunbowale,RB,00-0033854,2.8521,3.0,4.220909090909092,1
2024,Dare Ogunbowale,RB,00-0033854,2.8219999999999996,2.0,6.3549999999999995,1
2017,Leonard Fournette,RB,00-0033856,2.5257880513653563,3.6399355316552655,4.517235772562648,17
2018,Leonard Fournette,RB,00-0033856,2.6359476351589586,3.256141062884484,4.812397513189223,8
2019,Leonard Fournette,RB,00-0033856,2.771661159747668,4.185861543229227,4.128235691896183,15
2020,Leonard Fournette,RB,00-0033856,2.6572209967320264,4.736156914274833,3.639887187476139,9
2021,Leonard Fournette,RB,00-0033856,2.633505757042522,4.617806358015336,3.6709335678513,12
2022,Leonard Fournette,RB,00-0033856,2.7216346305295853,3.8162217412217414,3.931839459594809,11
2017,Dalvin Cook,RB,00-0033893,2.585025961538461,4.9438940688940685,3.6193739661856714,4
2018,Dalvin Cook,RB,00-0033893,2.8050618823720144,4.422067866344182,4.60198316767127,10
2019,Dalvin Cook,RB,00-0033893,2.869477744998908,4.42619595811366,4.655323895059775,14
2020,Dalvin Cook,RB,00-0033893,2.860446579718231,4.994721092270111,3.9368722101171114,15
2021,Dalvin Cook,RB,00-0033893,2.773500629041333,4.7858708703119826,4.042371280230187,12
2022,Dalvin Cook,RB,00-0033893,2.9031436780784823,4.597730863907334,4.407665303292969,17
2023,Dalvin Cook,RB,00-0033893,2.5705999999999998,2.5384615384615383,5.758787878787879,1
2017,Joe Mixon,RB,00-0033897,2.9334539352931017,3.2031127581569643,5.5119393185961805,9
2018,Joe Mixon,HB,00-0033897,2.7449649340779927,5.019452374106134,3.8990093318490384,15
2019,Joe Mixon,HB,00-0033897,2.885336586667648,3.958891007613876,8.809296829157962,15
2020,Joe Mixon,RB,00-0033897,2.731259409482856,3.497700553905773,4.889389743364908,7
2021,Joe Mixon,RB,00-0033897,2.899981477545088,4.021293980031009,4.454841154514036,21
2022,Joe Mixon,RB,00-0033897,2.668956175328063,3.8908119055703083,4.606820911795126,14
2023,Joe Mixon,RB,00-0033897,2.602328963956013,4.178315389501016,3.8144280948271887,17
2024,Joe Mixon,RB,00-0033897,2.8251677506480783,4.244155141910243,4.886256756874169,14
2017,Alvin Kamara,RB,00-0033906,2.85208189484127,5.21780303030303,4.150971944729801,8
2018,Alvin Kamara,RB,00-0033906,2.681341251279067,4.574354490751903,4.168191811673859,14
2019,Alvin Kamara,RB,00-0033906,2.7558204323651476,4.675559009075918,4.120010053656767,13
2020,Alvin Kamara,RB,00-0033906,2.738436760857048,4.808620974703894,4.152799918402193,15
2021,Alvin Kamara,RB,00-0033906,2.7884997051867657,3.666813691257011,4.893967947184306,13
2022,Alvin Kamara,RB,00-0033906,2.7669338311067553,4.057628265726534,4.009595709405342,12
2023,Alvin Kamara,RB,00-0033906,2.622093846554406,4.032672824095565,4.010290823320653,11
2024,Alvin Kamara,RB,00-0033906,2.765250905135394,4.247289775463351,4.649774389473162,13
2017,Kareem Hunt,RB,00-0033923,2.8148649131543073,4.929418057593586,4.169388568383575,14
2018,Kareem Hunt,RB,00-0033923,2.7217641783588795,4.683153192994781,4.069452119042098,12
2020,Kareem Hunt,RB,00-0033923,2.858463941974232,4.4218495476954125,4.978975107911187,14
2021,Kareem Hunt,RB,00-0033923,3.2283815873015866,5.34985347985348,3.7871057062032287,5
2022,Kareem Hunt,RB,00-0033923,2.9959650072150077,4.193687207101841,3.9735002429131896,7
2023,Kareem Hunt,RB,00-0033923,2.6693917162163885,3.270396825396825,4.376489435344603,10
2024,Kareem Hunt,RB,00-0033923,2.716677606151564,3.8241010097382646,3.807390702873176,12
2017,D'Onta Foreman,RB,00-0033925,2.6818349494949496,4.3150349650349655,3.8750316133604272,5
2021,D'Onta Foreman,RB,00-0033925,2.710627722024057,4.2295524024847335,4.1691558189008715,7
2022,D'Onta Foreman,RB,00-0033925,2.6952601207445706,4.421019809226402,4.47019664794556,11
2023,D'Onta Foreman,RB,00-0033925,2.629405549045775,4.383315709519838,3.560024228427769,6
2024,D'Onta Foreman,RB,00-0033925,2.711692521367522,3.142307692307692,4.345316088801112,4
2017,Jamaal Williams,RB,00-0033948,2.728404005323554,3.6150076865763143,3.7190675886777393,9
2018,Jamaal Williams,RB,00-0033948,2.7233320299985437,4.004459366391185,4.212755935047831,6
2019,Jamaal Williams,RB,00-0033948,2.557208256029685,4.946894408810297,3.456633539499409,6
2020,Jamaal Williams,RB,00-0033948,2.411702038183695,4.4157688952774095,3.45804992875053,6
2021,Jamaal Williams,RB,00-0033948,2.761118109996729,3.91471334822728,3.928163254909463,10
2022,Jamaal Williams,RB,00-0033948,2.643650648481362,4.055125931956895,3.745526631981162,17
2023,Jamaal Williams,RB,00-0033948,2.6070020164884133,2.841131559602265,4.79502183170227,5
2024,Jamaal Williams,RB,00-0033948,2.2633333333333336,3.4545454545454546,4.411578947368421,1
2017,Wayne Gallman,RB,00-0033950,2.6575458212487915,4.323048048048048,3.9956750339354556,6
2018,Wayne Gallman,RB,00-0033950,3.0422857142857143,2.7142857142857144,5.647631578947369,1
2019,Wayne Gallman,RB,00-0033950,2.5187222222222223,3.5,3.7661904761904763,1
2020,Wayne Gallman,RB,00-0033950,2.4421928673538775,4.724551925147163,3.204817174727168,9
2021,Wayne Gallman,RB,00-0033950,3.117846153846154,3.6666666666666665,4.688545454545455,1
2017,Marlon Mack,RB,00-0033951,3.004853639353639,2.901335940045618,6.201821849782743,3
2018,Marlon Mack,RB,00-0033951,2.799214388699372,4.657367708389976,3.834115463467322,13
2019,Marlon Mack,RB,00-0033951,3.084247810160306,4.315557101734053,4.529303487350199,15
2021,Marlon Mack,RB,00-0033951,3.123571428571428,2.2,7.181818181818182,1
2020,Jeremy McNichols,RB,00-0033955,3.5438571428571426,0.8181818181818182,18.43,1
2018,Phillip Lindsay,RB,00-0034109,2.620665872648186,5.423267682272269,3.8579517270439934,14
2019,Phillip Lindsay,RB,00-0034109,2.960108955377023,4.189657406178028,4.48862575874342,14
2020,Phillip Lindsay,RB,00-0034109,3.06023676445387,3.5440080215780285,5.192073524048246,6
2021,Phillip Lindsay,RB,00-0034109,2.7601944444444446,3.301864801864802,4.176955026455026,3
2022,Phillip Lindsay,RB,00-0034109,2.5709999999999997,3.6363636363636362,3.9515000000000002,1
2018,Jeff Wilson,RB,00-0034115,2.6220441077441077,3.47808519982433,4.989966403562032,3
2019,Jeff Wilson,RB,00-0034115,2.749555555555556,3.4,4.455588235294118,1
2020,Jeffery Wilson,RB,00-0034115,2.6605401101000608,4.327479628214922,4.915014853248106,8
2021,Jeffery Wilson,RB,00-0034115,2.797632959850607,3.6383304414883364,4.843636623376623,5
2022,Jeffery Wilson,RB,00-0034115,2.780053344155844,4.677296494355318,4.110284489454955,10
2023,Jeffery Wilson,RB,00-0034115,2.7526363636363635,5.090909090909091,3.595714285714286,1
2018,Gus Edwards,RB,00-0034184,2.4277401348927765,5.311858288602281,2.8275219018131543,9
2019,Gus Edwards,RB,00-0034184,2.6327358116883115,4.851805985552116,3.0819086466978876,5
2020,Gus Edwards,RB,00-0034184,2.704691483918129,4.5716314935064934,3.9335578527188324,8
2022,Gus Edwards,RB,00-0034184,2.7854044337606836,5.101835664335664,3.485333721833722,6
2023,Gus Edwards,RB,00-0034184,2.6694688401875903,4.106800890212544,3.758343534030638,14
2024,Gus Edwards,RB,00-0034184,2.7354547478329394,3.868736397449269,3.9225089155813486,6
2019,Mike Boone,RB,00-0034208,2.523074643874644,5.18634306869601,3.6341956241956246,3
2021,Dontrell Hilliard,RB,00-0034253,2.5356363636363635,10.916666666666666,2.0371755725190845,1
2018,Darrel Williams,RB,00-0034301,2.9218,2.8181818181818183,6.216129032258063,1
2019,Darrel Williams,RB,00-0034301,2.6340909090909093,3.1818181818181817,4.062571428571427,1
2020,Darrel Williams,RB,00-0034301,2.6791008547008546,4.866666666666666,3.365577852099591,3
2021,Darrel Williams,RB,00-0034301,2.6885632937624813,4.209453430341588,3.761938109904331,8
2018,Jaylen Samuels,RB,00-0034331,3.0914253056884635,4.81193514088251,4.834738715310732,3
2019,Jaylen Samuels,RB,00-0034331,2.7760624999999997,2.335714285714286,5.902665782493369,2
2018,Kerryon Johnson,RB,00-0034349,2.9661132024882026,5.488573810434075,3.6717095423283217,7
2019,Kerryon Johnson,RB,00-0034349,2.68320079611973,3.5358496361676672,4.174344686606627,8
2020,Kerryon Johnson,RB,00-0034349,2.5128181818181816,4.181818181818182,3.4210869565217394,1
2019,Derrius Guice,RB,00-0034358,2.6571555555555553,5.966666666666666,4.9106215008613265,3
2018,Nyheim Hines,RB,00-0034367,2.7015149122807016,4.595008912655971,3.632643166929791,3
2020,Nyheim Hines,RB,00-0034367,2.6968541125541123,4.334332084893883,3.8977419842710224,3
2018,Ito Smith,RB,00-0034378,2.7963694444444447,4.238636363636363,4.762775974025973,4
2020,Ito Smith,RB,00-0034378,2.6906212121212114,4.611616161616161,3.5186159685724903,3
2018,Jordan Wilkins,RB,00-0034400,2.653741666666667,4.478571428571429,4.030270491803279,2
2019,Jordan Wilkins,RB,00-0034400,3.1483636363636363,4.2727272727272725,4.305531914893617,1
2020,Jordan Wilkins,RB,00-0034400,2.5684545454545455,3.997727272727273,3.727042639008931,2
2019,Boston Scott,RB,00-0034414,2.631797058823529,4.371052631578948,4.00029347143754,2
2020,Boston Scott,RB,00-0034414,2.9913722222222225,4.277777777777778,4.006000477783086,3
2021,Boston Scott,RB,00-0034414,2.619846608946609,4.567352092352093,3.684745578120429,6
2019,Bo Scarbrough,RB,00-0034432,2.6897882002538354,4.19648090263111,3.795553598991666,5
2018,Justin Jackson,RB,00-0034440,2.492666666666666,3.625,3.702586206896552,1
2020,Justin Jackson,RB,00-0034440,2.622044117647059,4.984313725490196,3.1637379332172815,2
2021,Justin Jackson,RB,00-0034440,2.758074592074592,5.283411033411033,3.347850580213651,3
2020,Buddy Howell,RB,00-0034449,2.2084545454545452,3.8181818181818183,3.3207142857142857,1
2018,Josh Adams,RB,00-0034457,2.874460127849447,3.4412878787878793,5.057968071064042,6
2020,Josh Adams,RB,00-0034457,2.635909090909091,4.2727272727272725,3.7434042553191493,1
2018,Keith Ford,RB,00-0034509,2.6487142857142865,3.2857142857142856,4.202173913043478,1
2020,Reggie Bonnafon,RB,00-0034578,2.517,5.3,2.6690566037735852,1
2019,Mark Walton,HB,00-0034679,2.6164129629629627,3.4375901875901875,4.113224162810369,3
2019,Chase Edmonds,RB,00-0034681,3.361666666666667,4.666666666666667,4.603174603174603,1
2020,Chase Edmonds,RB,00-0034681,2.8134341834250836,3.8970946579194,4.374844478216818,3
2021,Chase Edmonds,RB,00-0034681,2.8514928196803195,4.937361297706125,4.094812093108926,7
2022,Chase Edmonds,RB,00-0034681,2.6215,2.0833333333333335,7.268400000000001,1
2023,Chase Edmonds,RB,00-0034681,3.281,2.5,6.108800000000001,1
2018,Rashaad Penny,RB,00-0034750,2.8439797979797983,5.643137254901961,4.009931966174608,3
2019,Rashaad Penny,RB,00-0034750,2.611659259259259,6.782539682539682,2.9487883569991595,3
2021,Rashaad Penny,RB,00-0034750,2.664148677080797,6.414874032616999,2.8672725597042934,7
2022,Rashaad Penny,RB,00-0034750,2.8115696581196588,6.1988795518207285,3.191891230182621,3
2018,Nick Chubb,RB,00-0034791,2.9224082653529253,4.986483537580028,3.663796178773323,9
2019,Nick Chubb,RB,00-0034791,2.964744815145385,5.011892501378259,3.798694011176379,17
2020,Nick Chubb,RB,00-0034791,3.0836085267974194,5.374132280810742,3.7503496642307335,14
2021,Nick Chubb,RB,00-0034791,3.1446747275537437,5.778299480727465,3.7223852554417483,13
2022,Nick Chubb,RB,00-0034791,3.0937828645414966,5.077836975673888,4.301819109781495,18
2023,Nick Chubb,RB,00-0034791,2.9485833333333336,6.144444444444445,3.1280955188679247,2
2024,Nick Chubb,RB,00-0034791,2.791028002073115,3.2805704099821744,4.827591803946853,7
2018,Kalen Ballage,RB,00-0034799,2.5552272727272722,7.083333333333333,2.5122677737415673,2
2019,Kalen Ballage,RB,00-0034799,2.7281764705882354,2.15,6.3865116279069785,1
2020,Kalen Ballage,RB,00-0034799,2.737793112607144,3.4453357753357756,4.658201554170762,5
2018,John Kelly,RB,00-0034808,2.8184136363636365,3.0,5.722291666666667,2
2018,Ronald Jones,RB,00-0034816,3.0615555555555556,2.9,5.123793103448276,1
2019,Ronald Jones,RB,00-0034816,2.6135201276501276,4.472286114651475,4.047851577194177,12
2020,Ronald Jones,RB,00-0034816,2.462003722702736,4.679398775954083,3.860883122077734,14
2021,Ronald Jones,RB,00-0034816,2.4321929738562096,4.09690594059406,4.209972650143211,4
2022,Ronald Jones,RB,00-0034816,2.4536666666666664,4.5,3.208888888888889,1
2018,Royce Freeman,RB,00-0034838,2.897774620980871,3.8655857214680744,4.344250265463002,6
2019,Royce Freeman,RB,00-0034838,2.8933816734495013,4.135402097902098,4.214420235990572,8
2021,Royce Freeman,RB,00-0034838,2.9168011363636364,2.0984848484848486,7.351343137254901,2
2022,Royce Freeman,RB,00-0034838,2.863513986013986,3.3181818181818183,5.531017156862744,2
2023,Royce Freeman,RB,00-0034838,2.7343338235294112,4.595965309200603,3.7399248308056103,4
2018,Saquon Barkley,RB,00-0034844,2.972526435220391,5.074317126372371,4.308612099555894,17
2019,Saquon Barkley,RB,00-0034844,2.917040323844816,4.716284768562961,14.784013350632735,13
2020,Saquon Barkley,RB,00-0034844,3.5707142857142857,0.4,39.254999999999995,1
2021,Saquon Barkley,RB,00-0034844,2.885982919298051,3.5800512116484335,4.369414207130485,12
2022,Saquon Barkley,RB,00-0034844,2.7014054974633903,4.524678305261958,4.126501248245728,16
2023,Saquon Barkley,RB,00-0034844,2.7169867621139643,4.071106120086949,3.8426846377395516,14
2024,Saquon Barkley,RB,00-0034844,2.7739591774004877,5.868662637971527,3.380428128009735,21
2018,Sony Michel,RB,00-0034845,2.666801060626888,4.407661946389761,3.809385551245807,16
2019,Sony Michel,RB,00-0034845,2.707771004572769,3.825914943043426,4.832095712884043,15
2020,Sony Michel,RB,00-0034845,2.4957756349206344,5.25,3.3409939131023796,5
2021,Sony Michel,RB,00-0034845,2.8196537031783198,3.8612216953773966,4.3313886282737695,12
2019,Alexander Mattison,RB,00-0034972,2.6586176392572947,4.386271062271062,4.165529072664718,5
2020,Alexander Mattison,RB,00-0034972,2.7887464354066984,4.598928571428571,3.886055508369856,5
2021,Alexander Mattison,RB,00-0034972,2.752493728140974,3.6227711094875272,4.978308655182793,6
2022,Alexander Mattison,RB,00-0034972,2.457666666666667,5.4,2.928518518518519,1
2023,Alexander Mattison,RB,00-0034972,2.8395785024547453,4.0649977718360075,4.301451548758041,10
2024,Alexander Mattison,RB,00-0034972,2.744561147410216,2.6562461348175637,5.64913190349297,7
2019,Justice Hill,RB,00-0034975,3.1803,3.9,4.31923076923077,1
2023,Justice Hill,RB,00-0034975,3.061725,3.6202797202797203,5.213025523764854,4
2019,Jon Hilliman,RB,00-0035013,2.5097681818181816,3.377272727272727,3.4784409888357253,2
2019,Darwin Thompson,RB,00-0035148,3.0805,4.0,4.206136363636364,1
2020,Darwin Thompson,RB,00-0035148,2.7957857142857145,3.2142857142857144,4.3213333333333335,1
2021,Austin Walter,RB,00-0035187,2.845307692307692,3.5,4.8310204081632655,1
2019,Benny Snell,RB,00-0035217,2.7714199060743177,4.09640522875817,4.181683805154803,6
2020,Benny Snell,RB,00-0035217,2.829553535353535,4.419837600758654,3.9190723675772725,4
2021,Benny Snell,RB,00-0035217,2.9306666666666668,1.8333333333333333,8.264090909090909,1
2022,Benny Snell,RB,00-0035217,2.6905,5.166666666666667,3.162096774193549,1
2019,Miles Sanders,RB,00-0035243,2.9685766003918155,4.334727673323988,4.394145913043949,13
2020,Miles Sanders,RB,00-0035243,2.8710656256971956,4.981473656193233,3.921759013620679,11
2021,Miles Sanders,RB,00-0035243,2.7676102315300293,5.273062723975132,3.5065528910029617,7
2022,Miles Sanders,RB,00-0035243,2.7943776595376173,4.64242052554746,3.8873259586159215,19
2023,Miles Sanders,RB,00-0035243,2.898734200323486,3.670560779198653,5.044052980442162,7
2024,Miles Sanders,RB,00-0035243,2.5508125,3.8823529411764706,3.9195454545454544,1
2019,Devin Singletary,RB,00-0035250,2.9382519906468563,4.5929361963838,3.8628635927698625,9
2020,Devin Singletary,RB,00-0035250,2.862658801096247,4.463551448551448,4.237853461550423,10
2021,Devin Singletary,RB,00-0035250,2.880778347306289,4.327416293811791,4.220672819548707,13
2022,Devin Singletary,RB,00-0035250,2.695373437130196,4.835507037047869,3.3259034758754593,11
2023,Devin Singletary,RB,00-0035250,2.8846244884666845,4.221583551129006,4.047620157002632,11
2024,Devin Singletary,RB,00-0035250,2.789221579199617,3.8563084702907715,4.975060613297684,5
2019,Tony Pollard,RB,00-0035261,2.990749696969697,6.052461879206065,3.9385922372718576,5
2020,Tony Pollard,RB,00-0035261,2.7746640543364682,4.175596309630963,3.9363197997775305,4
2021,Tony Pollard,RB,00-0035261,2.899453183557184,5.456880156880157,3.5396212605232993,9
2022,Tony Pollard,RB,00-0035261,2.959958392160015,5.693860305225182,3.524635198334202,12
2023,Tony Pollard,RB,00-0035261,2.6255570739434146,4.046315548144192,3.9274624075234965,18
2024,Tony Pollard,RB,00-0035261,2.954702533680081,4.2297743718699605,4.200654216763738,12
2019,Ryquell Armstead,RB,00-0035268,2.6369,3.3,4.3612121212121195,1
2020,Trayveon Williams,RB,00-0035291,2.5574545454545454,4.083333333333333,3.4699999999999993,1
2019,Myles Gaskin,RB,00-0035311,2.9039333333333333,3.4375,4.269090909090909,1
2020,Myles Gaskin,RB,00-0035311,2.7314523067210565,4.105230340375586,3.745437654542909,8
2021,Myles Gaskin,RB,00-0035311,2.757769171770374,3.518392318601228,4.2545787053257165,10
2019,Patrick Laird,RB,00-0035342,2.9035827922077924,2.3606060606060604,8.528996829710144,4
2019,Wes Hills,RB,00-0035489,2.4988571428571427,2.1,6.372380952380953,1
2019,Ty Johnson,RB,00-0035537,2.6008888888888895,2.9,5.204827586206897,1
2020,Ty Johnson,RB,00-0035537,2.5747954545454546,4.409090909090909,4.013330128205128,2
2021,Ty Johnson,RB,00-0035537,2.4962727272727268,4.166666666666667,3.9372000000000003,1
2021,Craig Reynolds,RB,00-0035567,2.917898569023569,4.82983682983683,3.876347298059232,3
2023,Craig Reynolds,RB,00-0035567,2.8926587301587303,3.392857142857143,6.639855855855856,2
2019,Travis Homer,RB,00-0035594,2.9504857142857146,3.6454545454545455,8.72231182795699,2
2020,D'Ernest Johnson,RB,00-0035628,2.9743076923076925,7.3076923076923075,2.7917894736842106,1
2021,D'Ernest Johnson,RB,00-0035628,3.1179716793168883,5.526722488038278,3.384775786656589,4
2020,Damien Harris,RB,00-0035657,2.7268857574043603,5.0484265444731315,3.7888942437604456,10
2021,Damien Harris,RB,00-0035657,2.5958674048174046,5.0036704542408375,3.7371915587494775,13
2022,Damien Harris,RB,00-0035657,2.628597162097162,4.108803076727605,3.7986166512935244,6
2019,Darrell Henderson,RB,00-0035664,3.2306060606060605,3.6363636363636362,5.211741277156024,2
2020,Darrell Henderson,RB,00-0035664,2.7863349008178333,4.632181677018633,4.261226931557603,8
2021,Darrell Henderson,RB,00-0035664,2.847202855477856,4.583040215311732,3.8034014889890444,10
2022,Darrell Henderson,RB,00-0035664,2.7525375,4.141346153846154,3.4276619822223795,4
2023,Darrell Henderson,RB,00-0035664,2.6395833333333334,2.624074074074074,5.649744403313943,3
2019,David Montgomery,RB,00-0035685,2.687025527532385,3.5621601527245565,4.496583564989572,15
2020,David Montgomery,RB,00-0035685,2.741711846759516,4.372987725754011,4.111723092429266,17
2021,David Montgomery,RB,00-0035685,2.7251640586227746,3.8391369998896496,4.129390775887016,14
2022,David Montgomery,RB,00-0035685,2.7616596279478682,4.019391648737566,4.604591178500136,13
2023,David Montgomery,RB,00-0035685,2.552811623575943,4.868125241282173,3.527545905713044,17
2024,David Montgomery,RB,00-0035685,2.7398845769364533,4.280298507803739,3.9834992160505056,11
2019,Josh Jacobs,RB,00-0035700,2.6998911763940083,4.82850486742418,3.6187669861684983,14
2020,Josh Jacobs,RB,00-0035700,2.6915090816200475,3.9247861664710797,4.191635237306925,15
2021,Josh Jacobs,RB,00-0035700,2.6990235899611936,4.188618343332984,3.9871377262169454,13
2022,Josh Jacobs,RB,00-0035700,2.7812979276039105,4.744699811998574,3.5868621159909355,18
2023,Josh Jacobs,RB,00-0035700,2.7709953432483534,3.5219373658702966,4.300636593364995,13
2024,Josh Jacobs,RB,00-0035700,2.7475361924737864,4.421994507360036,3.7527288970159067,17
2021,Derrick Gore,RB,00-0035715,2.919681818181818,3.9734848484848486,4.155125968992248,2
2020,Jamycal Hasty,RB,00-0035806,2.5200909090909094,2.4166666666666665,6.293793103448277,1
2022,Jamycal Hasty,RB,00-0035806,2.728041666666667,2.8166666666666664,5.585979437229438,2
2020,James Robinson,RB,00-0035831,2.695831878235026,4.382371870385938,3.955441611953629,15
2021,James Robinson,RB,00-0035831,2.8208322463020297,4.811360882860165,3.6601965075335974,10
2022,James Robinson,RB,00-0035831,2.8597559873516505,4.2029865275389575,3.956648798736666,7
2021,Tony Jones,RB,00-0035860,2.544775974025974,3.116477272727273,5.424803703703704,2
2023,Tony Jones,RB,00-0035860,2.7902500000000003,2.8333333333333335,4.657647058823529,1
2020,Rodney Smith,RB,00-0035957,2.4717000000000002,4.0,3.4555,1
2021,Patrick Taylor,RB,00-0035973,2.7241818181818185,4.818181818181818,3.850377358490566,1
2024,Patrick Taylor,RB,00-0035973,2.5545000000000004,6.411764705882353,2.915229357798165,1
2020,Salvon Ahmed,RB,00-0036020,2.5122660664617187,4.311766735679779,3.5862050114746626,3
2020,J.J. Taylor,RB,00-0036096,3.0698888888888893,3.909090909090909,5.775116279069769,1
2022,J.J. Taylor,RB,00-0036096,2.7791428571428574,0.9,12.815555555555557,1
2023,Rico Dowdle,RB,00-0036139,2.408712121212121,5.208333333333333,3.2811474958723172,2
2024,Rico Dowdle,RB,00-0036139,2.6837627511801347,4.539128772364642,3.7058591491639308,13
2020,J.K. Dobbins,RB,00-0036158,2.799483662958905,5.931805209715658,3.6411911418857534,10
2022,J.K. Dobbins,RB,00-0036158,3.0335193746729456,5.939698621923685,3.469075552314706,7
2024,J.K. Dobbins,RB,00-0036158,2.8009959022193067,4.854746972484529,4.105609931088086,13
2020,Antonio Williams,RB,00-0036188,2.9815833333333335,5.25,3.2493650793650795,1
2020,Jonathan Taylor,RB,00-0036223,2.818943605758211,4.946357805440317,3.8733970350872298,14
2021,Jonathan Taylor,RB,00-0036223,2.798137959223984,5.533650053371965,3.3598675478200963,18
2022,Jonathan Taylor,RB,00-0036223,2.7637585407006493,4.441363767281105,3.5148705892502754,10
2023,Jonathan Taylor,RB,00-0036223,2.764320041378374,4.596967846967846,3.5905457952019453,9
2024,Jonathan Taylor,RB,00-0036223,2.7212232726182197,4.702659859684974,3.6434198277885983,15
2020,Zack Moss,RB,00-0036251,2.7229101261483613,4.873763736263736,3.503811420873845,5
2021,Zack Moss,RB,00-0036251,2.784180747126437,3.9824784590409585,3.8840944123917214,4
2022,Zack Moss,RB,00-0036251,2.7095763153201355,4.992311827956989,3.3962507292042377,5
2023,Zack Moss,RB,00-0036251,2.6927931989188396,4.262430960995441,3.7078715888829623,9
2024,Zack Moss,RB,00-0036251,3.1027543123543126,3.6888888888888887,4.996638494478251,3
2020,A.J. Dillon,RB,00-0036265,2.6369,5.904761904761905,2.8789516129032253,1
2021,A.J. Dillon,RB,00-0036265,2.56636252202786,4.507712630506748,3.493876052073722,10
2022,A.J. Dillon,RB,00-0036265,2.5946084224137107,3.977627316811377,3.906206735647986,13
2023,A.J. Dillon,RB,00-0036265,2.5952951617022455,3.2170438051336925,4.791349181338399,10
2020,La'Mical Perine,RB,00-0036269,2.941875,3.6363636363636362,5.72175,1
2023,La'Mical Perine,RB,00-0036269,2.655473684210526,3.35,4.344626865671643,1
2020,D'Andre Swift,RB,00-0036275,2.7693725726654295,5.186876187722052,3.6180259511009742,7
2021,D'Andre Swift,RB,00-0036275,2.955843978566488,4.118577216259336,4.626443073537841,9
2022,D'Andre Swift,RB,00-0036275,2.761946743295019,6.648556998556999,3.3218547951531012,4
2023,D'Andre Swift,RB,00-0036275,2.7664470915930477,4.459665481483689,4.021292689907453,16
2024,D'Andre Swift,RB,00-0036275,2.862751728048605,3.750671207050915,5.328025796113656,17
2021,Jason Huntley,RB,00-0036278,3.5476666666666667,3.923076923076923,5.637254901960785,1
2023,Darrynton Evans,RB,00-0036297,3.100230769230769,3.4285714285714284,5.8325,1
2020,Antonio Gibson,RB,00-0036328,2.7754078853492037,4.42258540080803,4.32646991768713,11
2021,Antonio Gibson,RB,00-0036328,2.6816830696773355,3.9706211163095513,4.320533320948239,15
2022,Antonio Gibson,RB,00-0036328,2.73859416313534,3.6731965027267037,4.5414669152611475,9
2023,Antonio Gibson,RB,00-0036328,3.0967000000000002,3.5,4.344285714285714,1
2024,Antonio Gibson,RB,00-0036328,3.0164235209235213,4.356468531468532,4.795032481690697,6
2020,Clyde Edwards-Helaire,RB,00-0036360,2.823014042467417,4.280348792342766,4.298047146555469,11
2021,Clyde Edwards-Helaire,RB,00-0036360,2.832372437289625,4.616204751131222,3.7598223601253764,8
2022,Clyde Edwards-Helaire,RB,00-0036360,2.8370555555555557,4.842105263157895,3.5997826086956515,1
2023,Clyde Edwards-Helaire,RB,00-0036360,2.9042177489177488,3.3527583527583524,4.569987735987735,3
2020,Joshua Kelley,RB,00-0036370,2.770927462121212,3.2049656375743334,4.938716524206117,5
2021,Joshua Kelley,RB,00-0036370,3.0112999999999994,3.3,5.244848484848485,1
2022,Joshua Kelley,RB,00-0036370,2.78745,3.6500000000000004,4.079149659863945,2
2023,Joshua Kelley,RB,00-0036370,2.7845664662084766,3.477397046329152,5.795884466151133,5
2022,Eno Benjamin,RB,00-0036383,2.7594090909090907,5.066666666666666,4.114998531139836,2
2020,Cam Akers,RB,00-0036414,2.7660698958990313,3.9687557015143224,4.731958449883345,9
2021,Cam Akers,RB,00-0036414,3.007397313797314,2.6357466063348416,6.50155533008658,4
2022,Cam Akers,RB,00-0036414,2.738642487741806,4.372336409362669,4.0492668697727305,11
2023,Cam Akers,RB,00-0036414,2.7267941176470583,2.209090909090909,8.5284872080089,2
2024,Cam Akers,RB,00-0036414,2.893371916221034,3.233846153846154,5.311788688102203,5
2020,DeeJay Dallas,RB,00-0036425,3.2053999999999996,2.2777777777777777,7.27,1
2022,DeeJay Dallas,RB,00-0036425,2.9595,3.7,4.237297297297297,1
2020,Ke'Shawn Vaughn,RB,00-0036450,3.0789230769230764,4.133333333333334,4.124193548387097,1
2021,Ke'Shawn Vaughn,RB,00-0036450,2.6480000000000006,3.0088235294117647,4.565507482108002,2
2021,Ty'Son Williams,RB,00-0036457,3.032000000000001,5.923076923076923,3.3393506493506493,1
2022,Deon Jackson,RB,00-0036493,2.630779428904429,3.6477272727272725,4.121545073556645,4
2023,Deon Jackson,RB,00-0036493,2.6579090909090906,1.0769230769230769,10.405714285714286,1
2021,Chuba Hubbard,RB,00-0036555,2.761085406662491,3.6640172330835807,4.486435795266849,9
2022,Chuba Hubbard,RB,00-0036555,2.578314872664296,5.543377561550936,3.3471256325451435,5
2023,Chuba Hubbard,RB,00-0036555,2.708514521504607,3.695405970504571,4.066890071390006,13
2024,Chuba Hubbard,RB,00-0036555,2.613285259505048,4.80281574852163,3.5497383379562426,15
2021,Elijah Mitchell,RB,00-0036567,2.9039628504801605,4.2810744890432595,4.325727020806652,13
2022,Elijah Mitchell,RB,00-0036567,2.6607415966386556,4.2936507936507935,3.595637805684071,2
2023,Elijah Mitchell,RB,00-0036567,2.7236301282051283,4.079449961802903,4.093953144078145,3
2022,Gary Brightwell,RB,00-0036569,2.990888888888889,5.454545454545454,3.2929999999999997,1
2021,Larry Rountree,RB,00-0036650,2.4853999999999994,2.8181818181818183,4.569032258064516,1
2022,Larry Rountree,RB,00-0036650,3.4658750000000005,1.5,10.502666666666668,1
2021,Jaret Patterson,RB,00-0036755,2.662837121212121,4.465909090909091,3.8341704805491994,2
2022,Jaret Patterson,RB,00-0036755,2.474117647058824,4.588235294117647,3.322692307692308,1
2022,Caleb Huntley,RB,00-0036829,2.8886499999999997,4.991666666666666,3.568263255106475,3
2021,Rhamondre Stevenson,RB,00-0036875,2.7461655794369024,4.509859876965139,3.838662337865652,8
2022,Rhamondre Stevenson,RB,00-0036875,2.7109149964238366,4.7222176471189625,3.82971986551981,12
2023,Rhamondre Stevenson,RB,00-0036875,2.5005973960250274,3.5777113724482144,3.8564133445755258,9
2024,Rhamondre Stevenson,RB,00-0036875,2.8522910838910263,4.08035957601175,4.313023110624886,12
2021,Najee Harris,RB,00-0036893,2.81470873711856,3.663881017274705,4.745115773424379,18
2022,Najee Harris,RB,00-0036893,2.7219781137169714,3.648980306297517,4.557176627670484,17
2023,Najee Harris,RB,00-0036893,2.798785140206775,3.96194216539782,4.17150493324771,17
2024,Najee Harris,RB,00-0036893,2.841876993774163,3.973888687013023,4.70167267468835,16
2021,Khalil Herbert,RB,00-0036906,2.9342074250919397,4.432360731574258,3.970373348862064,5
2022,Khalil Herbert,RB,00-0036906,2.8366800289290715,5.660494987468672,3.420299905923727,7
2023,Khalil Herbert,RB,00-0036906,2.7383272988870346,4.994390331890332,3.917573455816581,7
2024,Khalil Herbert,RB,00-0036906,2.411,3.45,3.431014492753623,1
2021,Kenneth Gainwell,RB,00-0036919,2.702926767676768,4.358974358974359,4.225147198480532,3
2022,Kenneth Gainwell,RB,00-0036919,2.446641666666667,6.380952380952381,3.1220833333333333,2
2023,Kenneth Gainwell,RB,00-0036919,2.6196309523809527,3.4642857142857144,3.6400925925925933,2
2024,Kenneth Gainwell,RB,00-0036919,2.821083333333333,2.79020979020979,7.9159821428571435,2
2021,Michael Carter,RB,00-0036924,2.8209642696809363,4.279150280935995,4.297024596503698,9
2022,Michael Carter,RB,00-0036924,2.846857087357087,3.955978816505132,5.069134475306998,6
2024,Michael Carter,RB,00-0036924,2.66694358974359,3.9570135746606336,4.6438837209302335,2
2022,Travis Etienne,RB,00-0036973,2.7084741418677494,5.270126942937646,3.66520246027658,14
2023,Travis Etienne,RB,00-0036973,2.8613734331273877,3.76714821882853,4.4134114403873745,16
2024,Travis Etienne,RB,00-0036973,2.664082830354122,3.8360491024127397,4.435360196213623,11
2021,Trey Sermon,RB,00-0036984,2.767280773420479,3.6614035087719294,4.439953296786276,3
2023,Trey Sermon,RB,00-0036984,2.5174375000000007,5.176470588235294,3.012272727272727,1
2024,Trey Sermon,RB,00-0036984,2.62925,2.7055555555555557,5.357799455535392,2
2021,Javonte Williams,RB,00-0036997,2.9927452572890068,4.190390113140135,4.655059853541927,12
2022,Javonte Williams,RB,00-0036997,2.9765015873015876,3.8888888888888893,4.397287958401751,3
2023,Javonte Williams,RB,00-0036997,2.9365048798764586,3.6126067871735175,4.643357422201863,15
2024,Javonte Williams,RB,00-0036997,2.7617695728354392,3.8735513285155085,4.470754997051157,7
2023,Tyler Goodson,RB,00-0037120,2.653818181818182,6.2727272727272725,2.6691304347826086,1
2024,Tyler Goodson,RB,00-0037120,2.493727272727273,3.642857142857143,4.111960784313726,1
2022,Zonovan Knight,RB,00-0037157,3.0887969830169832,3.741521223874165,5.778472111191523,5
2022,Isiah Pacheco,RB,00-0037197,2.822866370168293,5.1330318625567495,3.6571257926172245,13
2023,Isiah Pacheco,RB,00-0037197,2.7737106339366617,4.382978749354382,3.9072643994137515,17
2024,Isiah Pacheco,RB,00-0037197,2.66398671679198,3.531737998843262,3.9652855113636356,4
2022,Jaylen Warren,RB,00-0037228,2.827931818181818,4.893939393939394,4.236381578947368,2
2023,Jaylen Warren,RB,00-0037228,2.9417820118478013,5.588923306372972,3.681212677492239,6
2024,Jaylen Warren,RB,00-0037228,2.799641931216932,4.530790043290043,3.712447695901668,6
2022,James Cook,RB,00-0037248,2.8090845887445886,5.891558441558442,3.4592003237837075,5
2023,James Cook,RB,00-0037248,2.613879519216407,4.721644408800341,3.8000487107688374,18
2024,James Cook,RB,00-0037248,2.5883673386984127,5.142255029679511,3.5246723522778223,17
2022,Rachaad White,RB,00-0037256,2.8179259655377304,3.8058459628227066,4.146888062397931,6
2023,Rachaad White,RB,00-0037256,2.681806556299254,3.649453561466913,4.236337273622135,16
2024,Rachaad White,RB,00-0037256,2.665483049871865,4.261529060660077,4.5107791272098865,11
2022,Dameon Pierce,RB,00-0037258,2.895224181537304,4.234224640785727,4.779854228426328,13
2023,Dameon Pierce,RB,00-0037258,3.0033321568627454,2.9401682927545,5.252476704028357,9
2024,Dameon Pierce,RB,00-0037258,2.781222222222222,9.263157894736842,2.1385227272727274,1
2022,Tyler Allgeier,RB,00-0037263,2.860562245044538,5.083749770304393,4.069969214758735,14
2023,Tyler Allgeier,RB,00-0037263,2.9402216727716723,3.7357634037899694,4.747074021919294,9
2024,Tyler Allgeier,RB,00-0037263,2.7902116221741227,4.038505492885055,4.9037143501227325,6
2023,Jerome Ford,RB,00-0037267,3.224228270626433,4.067182857991682,5.625200836441947,12
2024,Jerome Ford,RB,00-0037267,2.8477011800027934,4.960499222999223,4.020711645271523,6
2023,Ty Chandler,RB,00-0037276,2.890507226520524,4.259299516908213,3.817990935950339,6
2024,Ty Chandler,RB,00-0037276,3.083891666666667,5.171428571428571,4.66680081300813,2
2023,Keaontay Ingram,RB,00-0037299,2.8792222222222223,4.0,4.259250000000001,1
2024,Sincere McCormick,RB,00-0037509,2.6603000000000003,5.266666666666667,3.231420272435898,2
2022,Jordan Mason,RB,00-0037525,2.9674444444444443,5.090909090909091,3.665535714285715,1
2023,Jordan Mason,RB,00-0037525,2.5618888888888893,6.9,2.6331884057971022,1
2024,Jordan Mason,RB,00-0037525,2.8489677469898256,5.135561790505676,3.5333299927503345,8
2023,Ronnie Rivers,RB,00-0037557,2.322583333333333,4.0,3.3948076923076917,1
2024,Ronnie Rivers,RB,00-0037557,2.6123333333333334,4.0,3.445833333333334,1
2022,Malik Davis,RB,00-0037563,3.138,3.9,3.9769230769230774,1
2022,Hassan Haskins,RB,00-0037617,2.6812500000000004,3.3333333333333335,4.869750000000001,1
2024,Hassan Haskins,RB,00-0037617,2.5917499999999998,2.75,4.720606060606061,1
2022,Brian Robinson,RB,00-0037746,2.8764690128093995,4.149301503895869,4.160156876449755,11
2023,Brian Robinson,RB,00-0037746,2.7922973564425773,4.259831071399583,3.853324992309298,10
2024,Brian Robinson,RB,00-0037746,2.6559028502706443,4.1848309207132734,4.073591719920065,15
2022,Tyrion Davis-Price,RB,00-0037827,2.6421,2.357142857142857,5.8130303030303025,1
2022,Kyren Williams,RB,00-0037840,2.629,3.1818181818181817,4.582,1
2023,Kyren Williams,RB,00-0037840,2.6235814645265165,4.9416146826579155,3.3898021362091906,14
2024,Kyren Williams,RB,00-0037840,2.6725711074683667,4.273782315185551,3.8987159195344816,19
2023,Zamir White,RB,00-0038040,2.8100351536221835,4.603254216371864,3.551744211536552,5
2024,Zamir White,RB,00-0038040,2.8414444444444444,3.241930618401207,4.616792691622104,3
2023,Isaiah Spiller,RB,00-0038045,3.1486000000000005,3.125,4.8434,1
2023,Pierre Strong,RB,00-0038098,3.000375,4.371428571428572,4.044262664165103,2
2022,Breece Hall,RB,00-0038120,2.948609243697479,5.023747276688454,3.552511436799563,3
2023,Breece Hall,RB,00-0038120,2.927597101113172,4.300106069444634,5.625623478952384,14
2024,Breece Hall,RB,00-0038120,2.901371950147961,4.212468165362902,5.653058416592115,15
2022,Kenneth Walker,RB,00-0038134,2.9708950800861076,4.0844715571171415,5.17405687918377,12
2023,Kenneth Walker,RB,00-0038134,3.0749929653076395,4.2031727410213024,4.700924042494008,12
2024,Kenneth Walker,RB,00-0038134,3.0122136190678166,3.9531325863678806,4.955550536561493,9
2023,Eric Gray,RB,00-0038396,2.4162222222222223,2.0833333333333335,6.744,1
2024,Keaton Mitchell,RB,00-0038454,2.715625,1.8181818181818181,7.1515,1
2023,Bijan Robinson,RB,00-0038542,3.0006887044064703,4.611702479106331,4.718303632573324,16
2024,Bijan Robinson,RB,00-0038542,2.906763029727454,4.780522031894733,4.4017306518844705,17
2023,Kendre Miller,RB,00-0038551,3.0781923076923077,4.3493589743589745,4.570886708626435,2
2024,Kendre Miller,RB,00-0038551,3.330142857142857,3.2,7.24125,1
2023,Tank Bigsby,RB,00-0038555,2.2195,3.2,4.3393749999999995,1
2024,Tank Bigsby,RB,00-0038555,2.6779194513819515,4.411000111000111,3.7070374787713787,10
2023,Chase Brown,RB,00-0038597,3.1104285714285718,3.909090909090909,4.807906976744186,1
2024,Chase Brown,RB,00-0038597,2.646703570149612,4.159704384822914,4.020526111382325,14
2023,Chris Rodriguez,RB,00-0038611,2.837833333333333,4.65,3.421330049261084,2
2024,Chris Rodriguez Jr.,RB,00-0038611,2.7571293706293707,5.979020979020979,2.597401800327332,2
2023,Emari Demercado,RB,00-0038705,2.785138888888888,4.287179487179487,3.673586010413597,3
2024,Jaleel McLaughlin,RB,00-0038794,3.0957005555555557,4.48537610619469,4.7749522839116105,5
2024,Emanuel Wilson,RB,00-0038797,2.8665612543706303,4.745502878998025,3.728478904193553,4
2024,Sean Tucker,RB,00-0038951,2.6711428571428573,9.714285714285714,2.33889705882353,1
2023,Roschon Johnson,RB,00-0039021,2.944222222222222,3.5,4.191142857142858,1
2024,Roschon Johnson,RB,00-0039021,2.49875,2.9,3.7926121212121213,2
2023,Tyjae Spears,RB,00-0039032,2.672685064935065,4.608750000000001,3.470607505518764,2
2024,Tyjae Spears,RB,00-0039032,2.939599128540305,3.35,4.7303474783825665,3
2023,Devon Achane,RB,00-0039040,2.9902020059123355,8.384835931038102,3.260865240136367,6
2024,Devon Achane,RB,00-0039040,2.8383586411852035,4.4880906006603265,5.000195057719947,16
2023,Jahmyr Gibbs,RB,00-0039139,2.9325584824434827,5.140321198409434,4.2089358656213,12
2024,Jahmyr Gibbs,RB,00-0039139,2.883531047926759,5.81689814607253,3.7476884433881525,17
2023,Zach Charbonnet,RB,00-0039165,2.9466319158272283,3.481537176274019,4.336625495072304,4
2024,Zach Charbonnet,RB,00-0039165,3.0188024711571537,4.348308481641815,3.908965111631897,6
2024,Carson Steele,RB,00-0039325,2.425875,4.235294117647059,2.926527777777778,1
2024,Bucky Irving,RB,00-0039361,2.8759804102677724,5.640758580047852,3.404312856841967,11
2024,Isaac Guerendo,RB,00-0039363,2.7911562499999993,6.183482142857143,3.5131277889637023,4
2024,Audric Estim,RB,00-0039373,2.881827380952381,3.3095238095238093,4.361559378468368,2
2024,Tyrone Tracy,RB,00-0039384,2.721539777428908,4.465164274042951,3.85202077022689,10
2024,Will Shipley,RB,00-0039746,2.8106,3.2,4.4193750000000005,1
2024,Braelon Allen,RB,00-0039794,2.6495519385026736,3.8015480895915674,4.02394523387158,4
2024,Isaiah Davis,RB,00-0039798,2.710555555555556,4.0,4.172250000000001,1
2024,Jaylen Wright,RB,00-0039874,2.632615384615385,6.615384615384615,3.483023255813954,1
2024,Ray Davis,RB,00-0039875,2.936334780802273,4.688860954679538,3.8969196791854466,4
2024,Trey Benson,RB,00-0039921,3.075388888888889,3.5545454545454547,10.007290322580648,2
