season,player_display_name,player_position,player_gsis_id,avg_cushion,avg_separation,avg_intended_air_yards,catch_percentage,avg_yac,avg_expected_yac,avg_yac_above_expectation,total_weeks
2016,Antonio Gates,TE,00-0021547,5.821919977081742,2.5896149366166172,8.719530296764166,54.94191292578389,3.6029359634076625,3.942701405763699,-0.33976544235603645,11
2017,Antonio Gates,TE,00-0021547,4.57724181184669,2.307751925018211,8.276139743589745,59.871794871794876,3.8300333333333327,3.6931152335981565,0.13691809973517627,5
2018,Antonio Gates,TE,00-0021547,3.8185313283208018,2.276465802340096,8.320972222222222,66.02513227513228,5.100535714285714,5.969764724843273,-0.8692290105575586,6
2016,Jason Witten,TE,00-0022127,5.688430014430015,2.6739244272590548,7.550980804283437,70.44846965899598,2.779999247129682,3.1291259911330176,-0.34912674400333565,11
2017,Jason Witten,TE,00-0022127,5.091631113801453,2.659504961147,7.089870232832302,72.26702033598585,2.162690035273368,2.658641545176918,-0.4959515099035502,10
2019,Jason Witten,TE,00-0022127,5.073476851851852,3.014125780312522,6.468009490342322,71.75977720405432,2.6848298611111114,2.6981911441414095,-0.013361283030297988,8
2020,Jason Witten,TE,00-0022127,4.46,2.234853537078506,6.358,40.0,5.725000000000001,5.8570987723443295,-0.1320987723443281,1
2017,Benjamin Watson,TE,00-0022943,5.908316270673189,3.2469835703287897,5.0252015939990615,79.87576183778715,4.342889734582357,4.623006988245844,-0.28011725366348783,9
2018,Benjamin Watson,TE,00-0022943,4.377578125,2.6742831162323966,7.922474637681161,79.85507246376812,2.6669999999999994,2.6703910835158764,-0.003391083515876747,4
2019,Benjamin Watson,TE,00-0022943,5.125,3.2169096817830907,6.635333333333334,70.0,2.7804166666666656,3.7015940063456583,-0.9211773396789928,2
2016,Vernon Davis,TE,00-0024221,6.724396825396825,3.22690518872535,8.316674084322996,81.96894577039856,5.001474025974024,5.539841021414698,-0.538366995440674,7
2017,Vernon Davis,TE,00-0024221,4.672114845938375,2.910812372978026,11.261950821435292,58.74189992202414,4.885271159626641,3.925049149026966,0.960222010599675,7
2018,Vernon Davis,TE,00-0024221,4.645714285714286,2.3830899878937046,10.284285714285716,71.42857142857143,6.913999999999997,6.606182964020718,0.3078170359792791,1
2019,Vernon Davis,TE,00-0024221,6.3075,3.7995101217758744,3.432857142857144,57.14285714285714,13.552499999999998,5.515140893699304,8.037359106300695,1
2016,Marcedes Lewis,TE,00-0024243,4.058,1.3012143315188054,4.683333333333333,66.66666666666666,1.4700000000000024,1.0868000760665,0.38319992393350244,1
2017,Marcedes Lewis,TE,00-0024243,4.291161904761904,3.768201177157292,8.865975,60.0,7.039750000000001,6.271817387596988,0.7679326124030119,5
2016,Delanie Walker,TE,00-0024389,6.353313388013434,2.85161365016314,9.651594322577518,64.07511489444262,3.8098723617652186,4.205670241795633,-0.3957978800304148,14
2017,Delanie Walker,TE,00-0024389,6.662792629722455,2.707603463074592,9.002128324753324,66.54761904761904,4.120505791505792,3.8822076911368137,0.2382981003689778,18
2018,Delanie Walker,TE,00-0024389,8.347142857142858,2.3021132596596803,7.067142857142857,57.14285714285714,4.922499999999999,3.2056250560033277,1.7168749439966717,1
2019,Delanie Walker,TE,00-0024389,6.512125000000001,3.1853630850223307,8.229305555555555,69.44444444444444,3.516785714285714,3.7379377495065924,-0.22115203522087845,4
2016,Greg Olsen,TE,00-0025418,5.636941904761906,2.8959493353763737,11.02972475934918,63.408685199382866,4.346319179894181,5.240295427448157,-0.8939762475539763,15
2017,Greg Olsen,TE,00-0025418,6.059115530303031,2.8282728503291255,10.699930555555556,50.69444444444444,2.673958333333334,2.820126944202996,-0.14616861086966215,4
2018,Greg Olsen,TE,00-0025418,5.870833333333334,2.902479911538544,7.914190476190476,65.95238095238095,3.4968750000000006,3.8910372495517267,-0.3941622495517263,4
2019,Greg Olsen,TE,00-0025418,5.202471861471861,2.666525670779896,9.40054144229754,62.922253897863655,4.67529895104895,5.048042607200514,-0.37274365615156296,11
2020,Greg Olsen,TE,00-0025418,6.368428571428571,2.814102361050561,8.826666666666668,77.38095238095238,1.8829999999999991,2.6484521279268867,-0.7654521279268879,2
2016,Martellus Bennett,TE,00-0026201,6.528829045058884,4.0898046351868285,4.975358189280279,80.0285388127854,7.7332240259740255,6.340902859717516,1.392321166256509,12
2017,Martellus Bennett,TE,00-0026201,5.663037966537966,2.9031993199831554,5.348457521645022,62.33766233766234,6.315416666666667,5.113273185698253,1.2021434809684135,4
2016,Jacob Tamme,TE,00-0026267,6.161,2.647514244211547,7.6537500000000005,68.75,5.603499999999999,5.308210650682083,0.2952893493179156,2
2016,Gary Barnidge,TE,00-0026281,5.355260482180294,2.806386814710953,7.717427748741772,71.512049941928,3.811846861471862,4.588880612040478,-0.7770337505686157,12
2016,Jared Cook,TE,00-0027061,4.790887686387687,2.7961603909432364,11.22646160955965,59.2744437842477,4.3095952380952385,5.051959886831572,-0.7423646487363335,9
2017,Jared Cook,TE,00-0027061,5.05781690140845,2.6509949481888126,8.882914345344577,61.658502995712304,4.24847150997151,4.237148907416478,0.011322602555031445,13
2018,Jared Cook,TE,00-0027061,6.164130341880342,2.7822796504166396,8.57651456832074,63.523818358167176,4.966548103856927,4.176905098358078,0.7896430054988495,13
2019,Jared Cook,TE,00-0027061,5.22153256302521,2.4856953449774197,9.387540521978021,62.04899267399267,5.681255329457365,3.273985494783062,2.407269834674302,8
2020,Jared Cook,TE,00-0027061,6.386828420256992,2.247198564881998,10.437190476190477,61.455026455026456,2.2935010010010006,2.011839007317509,0.28166199368349165,9
2021,Jared Cook,TE,00-0027061,5.347433747412008,2.6036742532953188,8.856649132243259,55.2657056798623,4.553329861111111,3.7420829385878593,0.8112469225232518,12
2016,Zach Miller,TE,00-0027125,5.292230867346938,2.865446563616268,6.443118737599207,69.62115575396825,5.182072093465046,4.853732308634206,0.32833978483084014,8
2017,Zach Miller,TE,00-0027125,6.599962962962963,2.4638952301973105,7.602539682539683,58.73015873015873,2.49861111111111,2.8302127204987815,-0.3316016093876712,3
2016,Brandon Myers,TE,00-0027135,4.602000000000001,1.8207940322919216,12.338333333333333,33.33333333333333,1.5249999999999986,0.9499880075465,0.5750119924534985,1
2016,Rob Gronkowski,TE,00-0027656,5.082420634920634,2.3351022469671205,13.44325396825397,67.65873015873017,8.988142857142856,6.085891161785116,2.902251695357739,4
2017,Rob Gronkowski,TE,00-0027656,4.5683866522366525,2.282691872481636,11.52414753949754,63.52760202760202,5.813617149758454,5.097129167577185,0.7164879821812683,15
2018,Rob Gronkowski,TE,00-0027656,6.084485912392693,2.6017392020278343,11.979768299881936,66.93198215925487,4.0100032237266285,3.6665277908999045,0.3434754328267233,11
2020,Rob Gronkowski,TE,00-0027656,4.8769440559440564,2.568727584364112,10.66336383313656,54.85832349468713,5.394565656565657,4.591793061393189,0.8027725951724682,11
2021,Rob Gronkowski,TE,00-0027656,4.880766475354711,3.4631575234684675,9.530072368018997,63.693067232393076,7.028631285381286,5.867345559254688,1.1612857261265963,13
2017,Ed Dickson,TE,00-0027675,6.2392284946236565,3.243154739365952,9.745541666666666,68.75,5.894888888888889,5.106113454074344,0.7887754348145455,6
2018,Ed Dickson,TE,00-0027675,5.933999999999999,3.438357899158585,4.859999999999999,80.0,5.182500000000001,6.152876861566028,-0.9703768615660273,1
2016,Jimmy Graham,TE,00-0027696,5.926137526054194,2.6215482107566865,10.321301321485533,68.75256322624742,4.400376456876456,4.894931869400837,-0.4945554125243813,11
2017,Jimmy Graham,TE,00-0027696,5.613967414529914,2.436116602197654,7.783599063552188,60.41508838383837,4.689226086048455,4.0324590266369205,0.6567670594115347,12
2018,Jimmy Graham,TE,00-0027696,6.213766441441441,3.0345997842158363,9.390126482724517,61.317581918705514,4.733128787878789,4.166949121792748,0.5661796660860412,10
2019,Jimmy Graham,TE,00-0027696,5.8349722222222224,3.877351060564411,10.241994047619048,60.89285714285714,6.544106359649122,6.601975366246492,-0.05786900659736982,8
2020,Jimmy Graham,TE,00-0027696,5.968564285714287,2.9522683096535616,7.191200877192983,66.30513784461154,3.7335433333333325,3.5337462876369314,0.19979704569640186,10
2016,Dennis Pitta,TE,00-0027714,5.719351524153964,2.8324657498383323,6.091644677292403,70.84784533648171,3.4016653363248044,3.9579226946083037,-0.5562573582834989,14
2016,Jermaine Gresham,TE,00-0027873,6.122103174603174,3.035930657712381,7.571780528604884,64.58347273335563,3.608711068211068,3.2970149748808333,0.31169609333023507,7
2017,Jermaine Gresham,TE,00-0027873,5.909957983193277,2.7254653766609738,5.963592132505177,66.2410858063032,4.929717171717171,4.225756193980328,0.7039609777368424,3
2016,Kyle Rudolph,TE,00-0027981,6.406444470212328,2.8702934769298567,7.318640744176457,63.79251700680272,4.76294394088413,5.647110520469783,-0.8841665795856544,14
2017,Kyle Rudolph,TE,00-0027981,5.082015512265513,3.207647031539148,7.075357904441239,69.25084175084174,4.566726475279108,5.014382061002714,-0.4476555857236072,11
2018,Kyle Rudolph,TE,00-0027981,5.90371524577573,3.60202917741683,6.141492394179893,77.44652535811072,3.361968708664021,3.276143648748745,0.08582505991527582,12
2019,Kyle Rudolph,TE,00-0027981,4.826321428571428,2.4248571476082317,9.635117346938774,75.48469387755101,3.893978021978022,3.2703222783210575,0.6236557436569646,7
2020,Kyle Rudolph,TE,00-0027981,7.1175,3.5784894756913808,6.9620000000000015,83.75,6.723928571428569,4.657705289810837,2.0662232816177326,2
2021,Kyle Rudolph,TE,00-0027981,4.945111111111111,2.5252460118520106,4.831222222222222,62.22222222222222,2.409166666666666,2.3787471028313356,0.030419563835330028,3
2016,Lance Kendricks,TE,00-0027985,5.1623269230769235,2.6060785192694933,5.64807109408259,60.94036976220884,4.8290460317460315,5.08206971300483,-0.25302368125879887,9
2017,Lance Kendricks,TE,00-0027985,5.254999999999999,2.4246313555866443,6.880777777777777,42.22222222222222,2.557500000000001,2.1195285621426327,0.43797143785736825,2
2016,Jordan Cameron,TE,00-0028040,8.511999999999999,3.6990495031334505,9.444285714285714,71.42857142857143,5.504,5.6847830772500005,-0.18078307725000098,1
2016,Julius Thomas,TE,00-0028067,6.46139132882883,2.7983316878214035,7.337584733893556,58.60294117647059,3.2949999999999995,4.895010038466217,-1.600010038466217,8
2017,Julius Thomas,TE,00-0028067,4.5711581196581195,2.8836854229901445,8.17579301075269,64.07706093189965,3.447132791327912,4.045633403995702,-0.5985006126677904,6
2017,Niles Paul,TE,00-0028093,6.9719999999999995,2.7347900132127085,6.282000000000001,60.0,3.4599999999999995,2.8475886152039798,0.6124113847960198,1
2018,Niles Paul,TE,00-0028093,8.1175,4.212827573993433,6.34111111111111,77.77777777777779,3.7485714285714287,3.1296056821321576,0.618965746439271,1
2016,Charles Clay,TE,00-0028112,5.925236652236652,3.0435288019755937,8.775937192118226,66.45183360700604,3.5956018170426067,4.523621209081469,-0.9280193920388626,12
2017,Charles Clay,TE,00-0028112,5.6480551146384474,3.1095456960874803,6.743385552218886,61.404976404976395,5.817809145880575,5.618881706906257,0.19892743897431733,9
2018,Charles Clay,TE,00-0028112,7.359708333333333,2.741314198471658,6.484916666666666,64.16666666666666,3.268541666666667,4.543439510003422,-1.2748978433367542,4
2016,Virgil Green,TE,00-0028142,6.637333333333333,2.5943975395989205,5.635222222222223,60.0,6.534166666666667,6.995064084739155,-0.4608974180724899,3
2016,Larry Donnell,TE,00-0028838,6.5645,3.5701259113979846,3.511571428571428,82.85714285714286,2.848750000000001,3.985887438059083,-1.1371374380590824,2
2016,Garrett Celek,TE,00-0028903,5.397749999999999,2.6061439691024004,9.00193492063492,55.857142857142854,4.060942528735634,4.51330262840456,-0.45236009966892626,6
2017,Garrett Celek,TE,00-0028903,6.28,4.009345334881022,7.613333333333334,66.66666666666666,10.4925,4.607368582591562,5.885131417408438,1
2019,Derek Carrier,TE,00-0029119,3.31,3.1176150293146714,9.671999999999997,60.0,5.356666666666669,4.740560018736384,0.6161066479302848,1
2016,Ladarius Green,TE,00-0029275,7.402023809523809,3.1959805157396235,11.916414141414142,50.12626262626262,5.662666666666666,5.975830900802994,-0.31316423413632855,3
2017,Rhett Ellison,TE,00-0029587,4.672,2.5737032990028066,6.36968253968254,73.4920634920635,5.352999999999999,4.650299189052206,0.7027008109477934,3
2018,Rhett Ellison,TE,00-0029587,5.136222222222223,4.895564815525586,7.834111111111111,64.44444444444444,6.056388888888887,5.8287222577652456,0.22766663112364224,3
2019,Rhett Ellison,TE,00-0029587,5.1145,3.7646052701063835,5.634857142857143,41.42857142857143,2.5983333333333327,2.244274585537009,0.35405874779632396,2
2016,Dwayne Allen,TE,00-0029689,4.726562499999999,2.8363888793475978,9.326941025641025,75.46153846153845,2.832747619047619,3.5724488483608923,-0.7397012293132735,5
2017,Dwayne Allen,TE,00-0029689,8.71,4.3026813969289535,3.29,40.0,3.705000000000002,3.983808150198456,-0.2788081501984543,1
2016,Coby Fleener,TE,00-0029697,5.60678883398223,2.379860856370546,9.803268224573781,57.818306522010225,4.024791534391535,5.108477724791502,-1.083686190399967,9
2017,Coby Fleener,TE,00-0029697,5.682500000000001,2.5892802526450858,9.057,91.66666666666667,5.368999999999999,4.744608456862091,0.6243915431379083,2
2016,Darren Fells,TE,00-0029738,12.026666666666666,3.6770302856702073,3.6019999999999994,80.0,6.332500000000001,8.506069129705,-2.1735691297049993,1
2017,Darren Fells,TE,00-0029738,7.494999999999999,4.199125403071437,1.0620000000000005,80.0,8.82,8.07266942614396,0.7473305738560398,1
2019,Darren Fells,TE,00-0029738,6.665937499999999,3.7069419579407925,5.821967261904763,77.12301587301587,4.85231862745098,3.934715525314091,0.9176031021368892,6
2020,Darren Fells,TE,00-0029738,6.68,4.344552708940758,7.307142857142858,85.71428571428571,7.9266666666666685,7.238800843851398,0.6878658228152705,1
2016,Zach Ertz,TE,00-0030061,6.043719254185693,3.2026702988108724,8.71954485820783,74.27320085574802,3.1804788461538465,3.9927861654025834,-0.8123073192487376,10
2017,Zach Ertz,TE,00-0030061,5.049441990670381,2.8800465445090646,7.5205029761904765,69.28143037518038,4.373986815386814,4.448924415371505,-0.07493759998468932,16
2018,Zach Ertz,TE,00-0030061,6.168073336497133,3.17043833667595,7.675983943344238,72.16825658002129,3.468887769318804,3.666081793091216,-0.19719402377241183,17
2019,Zach Ertz,TE,00-0030061,5.843479442337407,2.749411729004416,8.88542944092944,64.38073654740322,3.5009087542087545,3.323094918590544,0.17781383561821074,15
2020,Zach Ertz,TE,00-0030061,5.8358900322841,3.123913115226011,6.8832892857142856,49.238095238095234,3.45486746031746,3.3735693312084436,0.08129812910901638,10
2021,Zach Ertz,TE,00-0030061,6.075886374053169,3.1596588366996086,7.563239860338075,63.74238856381714,5.4049243656922235,5.232003822166662,0.17292054352556302,14
2022,Zach Ertz,TE,00-0030061,5.393504934210526,3.151369035063808,7.621165555006588,71.66790184453228,3.174816679331307,3.5644366107424252,-0.38961993141111784,8
2023,Zach Ertz,TE,00-0030061,6.674854166666667,2.834783625077195,7.6319375,58.75,2.0933333333333337,2.1896011432837845,-0.09626780995045092,4
2024,Zach Ertz,TE,00-0030061,6.377856718152759,3.4637649595159075,7.247117361804862,74.02445768517198,2.9743641001855283,3.1611535162227113,-0.18678941603718374,14
2016,Ryan Griffin,TE,00-0030108,5.300556558849955,3.0891181399607697,7.6284385135135135,64.75675675675674,3.4337383333333333,4.614506100166904,-1.1807677668335697,10
2017,Ryan Griffin,TE,00-0030108,4.463333333333334,3.1808949701966847,10.060555555555554,53.611111111111114,5.938888888888889,6.305504825031437,-0.36661593614254695,3
2018,Ryan Griffin,TE,00-0030108,5.488951923076923,2.761781588965157,9.165570198105081,40.41343669250646,6.356916666666667,5.909638770751561,0.4472778959151059,6
2019,Ryan Griffin,TE,00-0030108,6.853333333333334,4.189801283398508,7.5525714285714285,82.14285714285715,6.412666666666667,5.537577677790125,0.8750889888765427,3
2021,Ryan Griffin,TE,00-0030108,5.598333333333334,3.0760985415154996,5.4682142857142875,53.57142857142857,3.4349999999999996,4.889625580080722,-1.4546255800807224,2
2016,Demetrius Harris,TE,00-0030155,3.8942857142857146,1.5765829370516449,7.4177777777777765,66.66666666666666,2.343333333333335,3.0403408408158334,-0.6970075074824984,1
2017,Demetrius Harris,TE,00-0030155,4.968571428571429,3.0525576185624734,5.765714285714288,57.14285714285714,6.847499999999997,6.999553942158968,-0.15205394215897172,1
2018,Demetrius Harris,TE,00-0030155,6.5200000000000005,4.165010257030803,6.068333333333332,50.0,10.173333333333334,6.8384054508521785,3.3349278824811552,1
2016,Jack Doyle,TE,00-0030181,4.876944444444444,3.3923900537783274,6.255690079365079,74.87301587301587,4.034332509416196,4.5312324942867885,-0.4968999848705919,8
2017,Jack Doyle,TE,00-0030181,5.328953602567788,3.4531686125943253,4.40255815811173,72.46117638974782,4.599480867346939,5.025827095733397,-0.426346228386459,14
2018,Jack Doyle,TE,00-0030181,5.703,3.2077383812845284,5.19904761904762,65.23809523809524,6.0323809523809535,5.352390731684836,0.6799902206961165,3
2019,Jack Doyle,TE,00-0030181,5.579447178871548,3.4437812481473777,8.38625541125541,53.94300144300144,4.809451827242524,5.137176158349275,-0.3277243311067499,7
2020,Jack Doyle,TE,00-0030181,4.824249999999999,2.3958465213323623,9.760000000000002,72.22222222222223,1.5987499999999986,2.140536301966778,-0.5417863019667795,2
2021,Jack Doyle,TE,00-0030181,5.936919642857143,3.538199695044393,7.421508928571429,67.05357142857143,5.4285,3.922398652552977,1.5061013474470226,4
2016,Josh Hill,TE,00-0030216,6.522,2.3634470032706005,6.354333333333335,70.0,5.663333333333333,4.727551291386817,0.9357820419465164,2
2017,Josh Hill,TE,00-0030216,5.945,2.5070135287659148,6.213333333333332,50.0,10.406666666666666,12.448221429734835,-2.0415547630681683,1
2019,Josh Hill,TE,00-0030216,4.2125,4.868615980176546,6.2570000000000014,60.0,9.66333333333333,7.181589879865461,2.4817434534678706,2
2016,Dion Sims,TE,00-0030422,3.6449999999999996,1.9511130388432325,5.956,100.0,0.8439999999999998,1.3749760031698,-0.5309760031698002,1
2017,Dion Sims,TE,00-0030422,4.093333333333333,2.645143217438908,10.106000000000002,60.0,1.5899999999999987,1.5853533520457859,0.004646647954212879,1
2018,Levine Toilolo,TE,00-0030443,4.022,3.1815833063041254,14.049999999999999,66.66666666666666,7.412499999999999,7.543391117447442,-0.13089111744744297,1
2016,Vance McDonald,TE,00-0030470,5.907115384615385,2.496784776753333,10.93312037037037,47.77777777777777,9.56923611111111,7.974246518472896,1.5949895926382152,6
2017,Vance McDonald,TE,00-0030470,5.568777777777778,2.7842006076749377,4.683305555555555,69.72222222222221,7.694666666666666,6.20950169680167,1.4851649698649965,3
2018,Vance McDonald,TE,00-0030470,5.651280193236715,3.322030576907956,5.009870370370369,64.89858906525573,6.062456084656084,4.825924034766263,1.2365320498898205,9
2019,Vance McDonald,TE,00-0030470,5.297928315412186,3.492787793098961,4.481868686868688,62.7056277056277,3.8987368421052646,3.153913330601473,0.7448235115037912,6
2020,Vance McDonald,TE,00-0030470,8.76,4.011070308344071,0.8500000000000009,83.33333333333334,5.835999999999999,4.627982537471121,1.2080174625288782,1
2016,Jordan Reed,TE,00-0030472,5.2811634920634924,3.3858846513770358,7.8886711429020435,74.83231375366208,4.180321248196249,4.050077878485686,0.13024336971056166,10
2017,Jordan Reed,TE,00-0030472,6.604523809523809,2.9192935837006435,6.113383333333333,76.5,2.9727666666666677,3.1055560871253087,-0.13278942045864098,5
2018,Jordan Reed,TE,00-0030472,6.602285517512789,3.351085682192648,6.311097041847041,67.48065066246885,4.543268638768638,4.205864576674721,0.33740406209391804,11
2020,Jordan Reed,TE,00-0030472,5.769045681063123,2.0603626119575633,8.600159420289856,53.43167701863354,3.073646781789639,2.196230406870239,0.8774163749193996,7
2016,Travis Kelce,TE,00-0030506,5.851955753968254,2.901025246650832,7.5958291412291405,72.4094424094424,7.2606431754519996,6.699039652475141,0.5616035229768571,15
2017,Travis Kelce,TE,00-0030506,6.044129105021962,2.886806415429333,9.438047059692844,68.66518304750154,5.133878555036473,4.453511670670651,0.6803668843658218,14
2018,Travis Kelce,TE,00-0030506,5.59843984962406,2.85605014074628,8.833742378381853,67.41343743975324,5.921790970143806,4.677470365227119,1.244320604916687,19
2019,Travis Kelce,TE,00-0030506,5.326089743589743,3.072088479042516,8.654290777849601,73.22193114762774,5.061389758369682,4.16737315337899,0.8940166049906917,19
2020,Travis Kelce,TE,00-0030506,5.374634750603837,3.147701821960299,8.444096746803645,74.10438858714721,5.769567663817663,4.896327389659145,0.8732402741585188,18
2021,Travis Kelce,TE,00-0030506,5.821464864902273,3.293073737842447,7.119588245938403,71.15681603898415,6.0514279176201375,4.691120001838521,1.3603079157816156,19
2022,Travis Kelce,TE,00-0030506,6.315604192104192,3.0433549617491655,7.301015977151095,75.30485878561952,6.2882516835016835,4.945385063327281,1.3428666201744024,21
2023,Travis Kelce,TE,00-0030506,6.490753640776699,3.769696228280127,7.0044072004034135,78.61314471162956,5.4765615603034945,5.197959675378387,0.278601884925108,18
2024,Travis Kelce,TE,00-0030506,6.373784684065935,3.5235720335542835,6.607805853457581,74.91950666292772,4.167354678039601,4.46360232474459,-0.29624764670498915,16
2016,Mychal Rivera,TE,00-0030514,5.294999999999999,3.1315550905811285,8.849333333333334,66.66666666666667,3.6158333333333332,5.103859381536943,-1.4880260482036098,3
2016,Tyler Eifert,TE,00-0030549,5.3399705387205385,2.8857421699370995,8.630703417150228,62.58166774124222,6.572301404853128,7.432690263419495,-0.8603888585663672,6
2018,Tyler Eifert,TE,00-0030549,6.301666666666667,1.8877326992916639,12.34625,75.0,3.643333333333332,3.2430070596973906,0.40032627363594164,1
2019,Tyler Eifert,TE,00-0030549,5.074232426303856,1.9876525768270394,9.019331065759639,63.560090702947846,2.739010520487265,2.832646367347641,-0.09363584686037559,7
2020,Tyler Eifert,TE,00-0030549,6.872309451219513,2.3629142408961843,9.086500000000001,55.77380952380952,3.4695486111111116,3.015202474076296,0.45434613703481586,8
2016,Trey Burton,TE,00-0030710,5.598452380952381,2.9155561713159903,8.541384353741496,58.37868480725623,3.708829012686156,3.59417820179455,0.114650810891606,7
2017,Trey Burton,TE,00-0030710,5.647,1.944133155552141,12.035,70.23809523809524,0.7790000000000002,0.7083823372864316,0.07061766271356862,2
2018,Trey Burton,TE,00-0030710,5.724283427495292,3.1424702958854422,8.380042720437457,65.60998455735299,2.701718106995885,2.867720447345245,-0.16600234034936012,9
2020,Trey Burton,TE,00-0030710,6.334904471544715,3.2134891703695114,8.020342789598109,58.817966903073284,3.165249999999999,3.23892568852795,-0.07367568852795041,6
2016,Erik Swoope,TE,00-0030854,4.99,2.1906583371000345,13.038,40.0,9.165,11.159656882285,-1.9946568822850015,1
2016,Crockett Gillmore,TE,00-0030992,5.04,2.828344362747463,5.353333333333335,66.66666666666666,3.6324999999999985,4.070330291997751,-0.43783029199775214,1
2016,Xavier Grimble,TE,00-0031035,6.37,1.6372071835921596,5.036000000000002,40.0,1.6699999999999982,3.69502699375,-2.025026993750002,1
2017,Troy Niklas,TE,00-0031044,2.48,3.446939921525674,6.211666666666667,50.0,7.979999999999998,8.351340462100174,-0.3713404621001759,1
2018,Logan Thomas,TE,00-0031260,4.745,3.4476123952212605,3.3299999999999987,87.5,2.4414285714285726,2.8571876436107084,-0.4157590721821358,1
2020,Logan Thomas,TE,00-0031260,5.8823719681219675,2.8907557879960555,7.703494019869021,62.91500166500167,4.341954494223725,3.5875625392839408,0.7543919549397847,13
2021,Logan Thomas,TE,00-0031260,4.995222222222222,3.1193149791564427,11.188095238095238,60.47619047619048,4.110888888888887,3.5025625884191034,0.6083263004697839,3
2022,Logan Thomas,TE,00-0031260,5.621446886446885,3.628471153028405,7.4884877327980375,71.61648265863724,3.740175824175824,3.5776031498989704,0.16257267427685265,7
2023,Logan Thomas,TE,00-0031260,6.334000896057349,3.580649917229739,6.116212962962963,74.42566692566693,4.901696408529741,4.640812987777541,0.2608834207522011,9
2016,Cameron Brate,TE,00-0031273,5.278742076502732,2.578667766697458,10.258573148148148,71.53703703703704,2.5760141604010025,2.9402883499380517,-0.36427418953704904,10
2017,Cameron Brate,TE,00-0031273,5.4073174603174605,2.375140295756025,10.65526394901395,64.39554272887605,3.8440833333333333,3.4105443454008353,0.4335389879324986,9
2018,Cameron Brate,TE,00-0031273,6.711418918918919,2.9688386663669757,8.687380952380952,55.61224489795919,2.8498333333333346,3.21931820964112,-0.36948487630778515,2
2019,Cameron Brate,TE,00-0031273,4.844822222222222,2.3173742556737915,7.805222510822512,53.94805194805194,2.3943555555555553,2.7730616243342756,-0.37870606877872004,5
2020,Cameron Brate,TE,00-0031273,5.1851,2.68527336412723,9.411399999999999,71.33333333333333,3.110166666666667,3.1916985610159556,-0.08153189434928909,5
2021,Cameron Brate,TE,00-0031273,6.054666666666667,3.1043043779920785,9.135530701754387,49.82456140350877,3.784583333333332,3.7029185673433815,0.08166476598995043,4
2022,Cameron Brate,TE,00-0031273,4.86375,3.5699101708043104,7.187875,53.333333333333336,4.329625000000001,4.733696839974495,-0.40407183997449425,4
2016,Jordan Matthews,WR,00-0031299,5.3778994818313,2.9158629111925665,11.291355190264282,57.55719028446301,3.47512182669966,4.581468144284407,-1.1063463175847472,11
2017,Jordan Matthews,WR,00-0031299,6.045166666666667,2.671454515028389,5.74025,67.5,7.759166666666665,7.717072503302367,0.042094163364298165,2
2018,Jordan Matthews,WR,00-0031299,5.506,1.8994803021782847,16.145999999999997,80.0,5.850000000000003,8.507664238449639,-2.6576642384496356,1
2019,Jordan Matthews,WR,00-0031299,4.897833333333333,1.4388613928539256,14.076666666666666,33.33333333333333,1.6900000000000024,2.329152288307777,-0.6391522883077746,2
2016,C.J. Fiedorowicz,TE,00-0031302,5.425860282574568,2.333849300959551,7.998590808046066,61.51073912711151,3.498710317460317,3.776085303590256,-0.2773749861299383,14
2017,C.J. Fiedorowicz,TE,00-0031302,7.20125,2.56714149023178,8.536,45.0,2.2737499999999997,1.7171342969858756,0.5566157030141241,2
2016,Richard Rodgers,TE,00-0031384,7.69780153508772,2.3390081224674093,9.295712006079027,50.243161094224924,3.450041666666665,3.6922523609361706,-0.24221069426950548,4
2020,Richard Rodgers,TE,00-0031384,6.228750000000001,3.682327159583183,9.654,68.33333333333333,3.7213888888888893,3.10643367029169,0.6149552185971991,3
2016,Eric Ebron,TE,00-0031387,5.628125761498628,2.5786031920194326,8.378983393357343,70.90836334533813,4.3508306150328995,5.1821865884291,-0.8313559733962015,14
2017,Eric Ebron,TE,00-0031387,6.371761384335155,3.0831389790829116,7.9046833898229245,58.019983892076915,6.565786163522014,4.346557889453936,2.2192282740680787,9
2018,Eric Ebron,TE,00-0031387,5.630378422647056,3.069598196630332,10.260420480313337,57.971809936095646,3.2649733044733047,3.144395380654758,0.12057792381854604,14
2019,Eric Ebron,TE,00-0031387,5.7997555555555556,3.764756691732903,10.760302564102563,56.256410256410255,9.300912903225806,6.386520944465074,2.91439195876073,5
2020,Eric Ebron,TE,00-0031387,6.332546001734029,3.0763375405558917,7.191208374958376,62.43672993672993,4.2673078231292525,4.131307549705839,0.13600027342341373,14
2016,Austin Seferian-Jenkins,TE,00-0031418,7.154000000000001,1.2239011076399589,10.769999999999998,40.0,1.975000000000005,4.102383106947,-2.1273831069469953,1
2017,Austin Seferian-Jenkins,TE,00-0031418,5.2416527777777775,2.8872192022347396,6.989723845057178,67.0962520962521,2.8988722222222227,4.131723467182051,-1.2328512449598277,9
2018,Austin Seferian-Jenkins,TE,00-0031418,7.249166666666666,3.5996895351754743,4.237,60.0,4.055000000000001,5.288514939361335,-1.2335149393613343,2
2018,Maxx Williams,TE,00-0031558,8.395,5.773993205981721,1.75,100.0,8.45,6.71522324737075,1.7347767526292497,1
2021,Maxx Williams,TE,00-0031558,5.818333333333333,4.496192281399988,4.5848571428571425,100.0,8.84542857142857,6.391497762960277,2.4539308084682934,2
2022,MyCole Pruitt,TE,00-0031585,3.2400000000000007,3.4549084945727415,8.504,60.0,3.2166666666666672,4.448448964988832,-1.2317822983221647,1
2017,Nick Boyle,TE,00-0031598,5.6775,4.208306610239545,5.190000000000001,100.0,2.009999999999999,3.1018589059337502,-1.0918589059337513,1
2018,Nick Boyle,TE,00-0031598,5.832916666666667,3.6587842658364798,3.3754999999999997,55.0,9.723333333333333,8.74591436418485,0.977418969148482,2
2019,Nick Boyle,TE,00-0031598,7.46382183908046,4.298470376390816,4.9495813953488375,84.03100775193798,6.103118279569891,5.734201632204289,0.3689166473656029,3
2016,A.J. Derby,TE,00-0031609,4.759166666666667,3.6361756739009072,7.670166666666669,83.33333333333333,3.19825,3.0611516982312548,0.13709830176874505,2
2017,A.J. Derby,TE,00-0031609,4.984047619047619,3.391463459084227,10.914587301587304,57.46031746031745,5.570833333333332,5.24369729654764,0.32713603678569186,3
2019,Darren Waller,TE,00-0031610,5.564583620398513,3.0573743019209156,7.265313960113961,74.81339031339031,6.683070838420838,5.345079688159296,1.3379911502615423,15
2020,Darren Waller,TE,00-0031610,5.804327461389962,2.9961279645556416,7.925496978144053,74.31166471290712,5.572469128353474,5.039515297374649,0.5329538309788251,16
2021,Darren Waller,TE,00-0031610,6.390453034445993,2.836134263039671,10.042159335476821,60.815856940644714,5.058373126873127,4.346585991286558,0.7117871355865684,13
2022,Darren Waller,TE,00-0031610,6.168595238095238,2.138539384752614,14.102464285714285,62.14285714285713,3.533571428571429,3.086611664962624,0.4469597636088053,7
2023,Darren Waller,TE,00-0031610,5.979615702479339,2.999183934323988,7.698359655700566,68.46514460150824,4.350035464535464,4.31732748806869,0.03270797646677401,11
2018,Matt LaCosse,TE,00-0031744,6.3175,4.302245559616689,5.112166666666667,69.72222222222221,4.634666666666667,4.47557279897434,0.1590938676923268,3
2017,James O'Shaughnessy,TE,00-0031951,7.684,2.7973345916055177,8.055,83.33333333333334,2.412,1.6099279446282195,0.8020720553717804,1
2018,James O'Shaughnessy,TE,00-0031951,6.31625,3.582082146244514,6.244666666666667,65.0,7.377083333333335,6.183391731776888,1.1936916015564458,2
2019,James O'Shaughnessy,TE,00-0031951,3.2800000000000002,3.876422369863639,4.011999999999999,80.0,4.270000000000001,5.928765284639212,-1.6587652846392107,1
2020,James O'Shaughnessy,TE,00-0031951,6.635,2.2277145714997695,7.1433333333333335,66.66666666666666,4.004999999999999,2.804520378297127,1.200479621702872,1
2021,James O'Shaughnessy,TE,00-0031951,5.531666666666667,4.168806628791693,5.192374999999999,58.74999999999999,4.707916666666668,6.464714196111581,-1.7567975294449136,4
2016,Will Tye,TE,00-0032004,5.555508314436886,2.456716508528965,6.724158730158731,61.613756613756614,4.310319444444445,4.481429060877604,-0.17110961643315925,9
2016,Devin Funchess,WR,00-0032055,5.9775291005291,1.6947972073119997,17.395937876299946,30.2599890530925,4.8718115942028986,3.401422168031468,1.4703894261714308,6
2017,Devin Funchess,WR,00-0032055,6.68423885976409,2.6005272818358196,13.78894495209495,56.119762619762625,4.821097883597883,4.4131307289208035,0.40796715467708095,15
2018,Devin Funchess,WR,00-0032055,4.819805612516139,2.172718995425687,12.449640815478476,58.98051491405922,2.0467311688311685,2.4765645455101364,-0.42983337667896765,10
2019,Devin Funchess,WR,00-0032055,2.664,1.4986246347988543,10.852,60.0,1.8066666666666673,1.5861078863334417,0.22055878033322562,1
2016,Daniel Brown,TE,00-0032098,8.7,4.0782432998563705,4.428333333333335,100.0,2.5716666666666654,3.4546113411583335,-0.882944674491668,1
2017,Daniel Brown,TE,00-0032098,5.2625,4.168862447247511,9.574000000000002,40.0,8.464999999999996,9.229551762337906,-0.7645517623379092,1
2017,Nick O'Leary,TE,00-0032117,4.533666666666666,3.434684975747716,5.414777777777778,65.55555555555556,8.832166666666668,8.67343648619056,0.15873018047610574,3
2019,Nick O'Leary,TE,00-0032117,4.553333333333334,4.475657596131546,7.0040000000000004,80.0,1.6224999999999987,0.966412488051219,0.6560875119487797,1
2016,Neal Sterling,TE,00-0032120,4.55125,4.662111209621189,7.187833333333335,71.66666666666667,4.5363333333333316,6.1242041548126664,-1.5878708214793344,2
2017,Neal Sterling,WR,00-0032120,7.439999999999999,2.9657232016827373,8.24875,62.5,8.318000000000001,4.3552223871295555,3.962777612870446,1
2016,C.J. Uzomah,TE,00-0032134,6.762804761904763,3.2437126884832876,7.5751333333333335,68.16666666666667,5.629766666666666,5.557489535013433,0.07227713165323317,5
2018,C.J. Uzomah,TE,00-0032134,4.602101190476191,2.308040599313361,8.491361607142858,63.747874149659864,4.341951827242526,3.5643334334537746,0.7776183937887511,7
2019,C.J. Uzomah,TE,00-0032134,6.620125,3.907473926716793,2.7757499999999995,71.66666666666667,5.214125,5.778636519789838,-0.5645115197898376,4
2020,C.J. Uzomah,TE,00-0032134,6.057333333333334,3.452806916748586,9.311333333333334,73.33333333333333,4.074999999999999,4.5325491746607725,-0.45754917466077316,2
2021,C.J. Uzomah,TE,00-0032134,6.926431746031746,3.838839026232615,4.757984567901235,75.93033509700177,6.360866213151928,4.96934074713196,1.3915254660199685,9
2022,C.J. Uzomah,TE,00-0032134,3.898571428571428,3.355130046441899,8.491428571428571,42.857142857142854,3.2366666666666646,3.7466773992168023,-0.5100107325501377,1
2023,C.J. Uzomah,TE,00-0032134,3.91,3.689471752495598,5.344000000000002,40.0,0.7449999999999974,5.216355207743618,-4.4713552077436205,1
2016,Jesse James,TE,00-0032135,5.804413265306122,3.8748853576232407,7.26293537414966,72.31292517006804,3.717785714285714,4.660604205954849,-0.9428184916691352,7
2017,Jesse James,TE,00-0032135,6.06748299319728,2.9782834417555004,6.891198412698411,67.0124716553288,2.8001821705426364,2.937424952756597,-0.13724278221396094,7
2018,Jesse James,TE,00-0032135,7.169999999999999,3.5393799470203504,8.871333333333332,77.14285714285715,9.203111111111111,7.523645286707332,1.6794658244037795,3
2019,Jesse James,TE,00-0032135,6.085,4.187082632759664,6.164000000000001,60.0,3.3766666666666665,4.799030109370203,-1.4223634427035363,1
2016,Ben Koyack,TE,00-0032139,4.032,3.1247060967858706,6.084,100.0,2.1160000000000005,2.1611745476716,-0.04517454767159945,1
2018,Geoff Swaim,TE,00-0032141,5.534,3.700086321515394,5.749142857142857,70.47619047619048,6.29161111111111,5.096781686692461,1.194829424418649,3
2021,Geoff Swaim,TE,00-0032141,4.805833333333333,2.787173137934943,4.994,80.0,2.1712500000000006,3.460170414985633,-1.2889204149856326,2
2017,Tyler Kroft,TE,00-0032214,5.471098277608916,2.579671115598984,8.87322684880404,61.20803159973667,4.076993197278912,4.529428738592629,-0.4524355413137169,7
2020,Tyler Kroft,TE,00-0032214,5.006666666666667,5.198090052477657,10.168,80.0,2.9650000000000003,3.6320947515756643,-0.667094751575664,1
2021,Tyler Kroft,TE,00-0032214,7.02325,3.127742130959521,3.875,60.0,3.7200000000000006,2.5531657741132863,1.1668342258867141,2
2016,Jeff Heuerman,TE,00-0032227,4.7425,3.518234599431901,5.695,50.0,6.0,4.93952747186,1.06047252814,1
2018,Jeff Heuerman,TE,00-0032227,5.539505341880342,3.3454085648553504,6.801802759740259,62.105880230880224,4.381684946236561,3.874603219869248,0.5070817263673127,6
2019,Jeff Heuerman,TE,00-0032227,5.589166666666666,2.4954408482149737,4.621000000000002,70.0,2.222499999999998,2.8286706594839095,-0.6061706594839116,2
2016,Clive Walford,TE,00-0032256,4.95979674796748,4.180486101265703,7.777670329670329,69.72527472527473,3.778686868686869,5.406538766744373,-1.6278518980575039,3
2016,Austin Hooper,TE,00-0032392,5.3468333333333335,2.498653767122967,10.165666666666667,66.66666666666667,3.3826666666666676,4.42219134966489,-1.0395246829982214,3
2017,Austin Hooper,TE,00-0032392,5.184657738095238,3.7427587340049358,6.317870879120879,70.15720390720391,4.953821853741497,4.919246387904985,0.034575465836510916,8
2018,Austin Hooper,TE,00-0032392,5.535043434343434,3.268337327382349,6.513670454545455,83.6590909090909,3.082505868544602,3.0713511218169054,0.011154746727696141,10
2019,Austin Hooper,TE,00-0032392,5.760742280245431,3.426833997373661,6.728980412424264,75.91346879270296,4.761770011337868,4.441383607448436,0.32038640388943407,14
2020,Austin Hooper,TE,00-0032392,5.736205840455841,3.2117568212156353,7.289756613756613,67.12361712361712,3.191494363929147,5.003296680090134,-1.8118023161609875,9
2021,Austin Hooper,TE,00-0032392,4.6495631808278866,2.9397493383705595,5.268763379304364,63.27088212334114,5.950917153996102,5.776375495372264,0.17454165862383833,9
2022,Austin Hooper,TE,00-0032392,6.2445039682539685,2.4014295671078454,7.7281746031746,56.07142857142858,3.012953929539297,3.1112064499410903,-0.09825252040179282,6
2023,Austin Hooper,TE,00-0032392,6.44,3.8950025551777863,3.8480000000000003,80.0,6.35,3.966735638844966,2.3832643611550335,1
2024,Austin Hooper,TE,00-0032392,5.8396443089430905,3.2642037967928355,6.795093220338982,75.73446327683615,4.299013888888889,3.7824715740664168,0.5165423148224724,4
2018,Nick Vannett,TE,00-0032394,6.269444444444445,3.3597556750423907,7.076001453488373,70.61046511627907,3.261760057471264,3.780106948461962,-0.518346890990698,4
2019,Nick Vannett,TE,00-0032394,9.84,5.739029768991879,2.2466666666666675,83.33333333333334,6.0299999999999985,5.042712024157754,0.9872879758422446,1
2021,Nick Vannett,TE,00-0032394,6.695,2.811461225985674,3.3850000000000002,50.0,8.46,8.850657391333698,-0.39065739133369703,1
2018,Josh Perkins,TE,00-0032599,4.864,2.4278475095250793,8.894999999999998,66.66666666666666,2.7750000000000012,1.9418948133981644,0.8331051866018369,1
2019,Josh Perkins,TE,00-0032599,5.920833333333333,3.3025145366235282,8.394666666666666,83.33333333333333,3.2657499999999997,2.5923721593664824,0.6733778406335174,2
2018,David Grinnage,TE,00-0032634,6.522,3.2826079461909297,10.658000000000001,60.0,3.6866666666666674,3.953332920020254,-0.2666662533535864,1
2017,Stephen Anderson,TE,00-0032725,5.0229333333333335,2.288168505689368,9.249305128205128,45.94871794871794,3.3095,3.959058173933569,-0.6495581739335683,5
2020,Stephen Anderson,TE,00-0032725,5.55,4.988494796317068,4.411666666666668,66.66666666666666,9.42,4.139952288814669,5.280047711185331,1
2017,Austin Traylor,TE,00-0033043,6.8,2.447537340653988,6.497999999999999,80.0,2.0549999999999997,1.4171888848895833,0.6378111151104164,1
2017,Seth DeValve,TE,00-0033080,6.625208333333333,3.6587079505595965,10.914554597701152,60.89080459770115,5.150871212121213,5.650823174587225,-0.49995196246601203,4
2019,Seth DeValve,TE,00-0033080,4.465833333333333,2.8406975098952425,5.371666666666666,65.0,7.389583333333333,6.453433856709505,0.9361494766238287,2
2016,Hunter Henry,TE,00-0033090,4.483833333333333,2.75238576172139,10.610351190476191,70.01123090745732,3.8151759259259257,4.255527833934532,-0.4403519080086055,6
2017,Hunter Henry,TE,00-0033090,5.651544524308675,2.940569833947566,9.686460075667064,71.7726290038118,5.094570546737213,4.396639952629877,0.697930594107337,9
2019,Hunter Henry,TE,00-0033090,5.368722389306599,2.5578173988929467,9.987595279866333,73.14954051796158,3.212460173160173,3.464054560200144,-0.2515943870399714,10
2020,Hunter Henry,TE,00-0033090,5.30638982172471,2.430404495909275,8.671797747055813,63.64023297491039,3.3945972222222216,2.738088657397025,0.6565085648251966,12
2021,Hunter Henry,TE,00-0033090,5.794698503922641,2.48824572550744,9.777403703703703,64.44444444444444,2.9577222222222215,3.10493342194472,-0.14721119972249835,9
2022,Hunter Henry,TE,00-0033090,5.78428672745694,3.8163440461980236,7.105381067681308,67.95457165917215,6.065822299651567,5.660113671367459,0.40570862828410925,7
2023,Hunter Henry,TE,00-0033090,6.011772435897436,2.1818600138484507,8.35344454202446,70.29306531355712,1.9144166666666673,2.019892824563816,-0.10547615789714868,8
2024,Hunter Henry,TE,00-0033090,6.273031746031746,2.828686910379104,7.319477376861397,71.13745704467354,4.708608225108225,4.895758014984876,-0.1871497898766509,10
2016,Tyler Higbee,TE,00-0033110,4.9575,2.4041226417201194,13.707142857142859,14.285714285714285,4.25,6.61003255844,-2.3600325584400004,1
2017,Tyler Higbee,TE,00-0033110,6.801127192982456,2.181029864701587,11.567590277777779,43.888888888888886,4.625791666666665,2.7916535150693855,1.8341381515972799,4
2018,Tyler Higbee,TE,00-0033110,6.103333333333334,2.786590504315668,4.124285714285716,85.71428571428571,4.854999999999998,4.125797316826923,0.7292026831730745,1
2019,Tyler Higbee,TE,00-0033110,6.446546102046102,3.514927019829987,6.546909971842556,75.92664202214763,5.571470822789664,5.559010664605186,0.012460158184476742,9
2020,Tyler Higbee,TE,00-0033110,5.320248366013072,2.912534032274357,8.757277777777778,70.0,6.587646464646464,3.708119535273937,2.8795269293725276,6
2021,Tyler Higbee,TE,00-0033110,6.151149891774892,3.075419306397872,5.527952931172467,69.98149259703881,4.672937939110072,6.100935998130673,-1.4279980590206018,14
2022,Tyler Higbee,TE,00-0033110,5.642519096226175,3.447182211254685,3.2209906705948375,64.46849446849447,5.19606283068783,5.0057574633005535,0.1903053673872771,12
2023,Tyler Higbee,TE,00-0033110,6.899504896313363,3.8321555689836933,5.727659090909091,74.07467532467533,4.539543882978723,4.615491752965228,-0.07594786998650493,8
2024,Tyler Higbee,TE,00-0033110,4.541777777777778,3.9037752869337567,2.909619047619047,80.47619047619048,6.326476190476192,5.4500304733500435,0.8764457171261485,3
2020,Mo Alie-Cox,TE,00-0033217,5.4375,1.9213988052773912,8.994,71.66666666666667,7.571,7.8907046209842004,-0.31970462098420027,2
2021,Mo Alie-Cox,TE,00-0033217,5.85629810298103,3.726508942365341,10.50548148148148,57.77777777777778,3.9040277777777774,2.956641808177246,0.947385969600532,3
2022,Mo Alie-Cox,TE,00-0033217,5.532,4.1990639301256225,5.261666666666667,100.0,8.905,4.32623654340163,4.578763456598369,1
2023,Johnny Mundt,TE,00-0033246,6.1732499999999995,5.095358674330122,4.848214285714285,70.23809523809524,4.578750000000003,3.971046489104805,0.6077035108951978,2
2024,Johnny Mundt,TE,00-0033246,5.6899999999999995,3.935675760598805,1.2299999999999998,80.0,1.8949999999999996,2.5780399426857628,-0.6830399426857632,1
2017,George Kittle,TE,00-0033288,5.082831232492998,2.9494556247746493,7.076535147392291,69.43310657596372,7.046992010757791,5.402909565665989,1.6440824450918012,7
2018,George Kittle,TE,00-0033288,5.383996072446073,3.4459208843430784,7.325489772319184,64.70017237664298,9.856611856661857,7.211067972104172,2.645543884557685,15
2019,George Kittle,TE,00-0033288,5.369700388543411,3.2711435991761015,5.877341068265314,77.41779889525904,7.164700258564963,5.7298670733239,1.4348331852410638,15
2020,George Kittle,TE,00-0033288,5.646309074573225,3.781197166017007,6.682801091269842,75.67460317460318,6.745840773809523,4.645782158245419,2.100058615564105,8
2021,George Kittle,TE,00-0033288,4.957119173881674,2.933162825654079,8.444163261285603,71.62501407182259,6.635679313774385,4.480245399454534,2.1554339143198504,12
2022,George Kittle,TE,00-0033288,5.650098351648352,3.2623805465698967,7.426924667064201,73.70005963029217,7.067666666666668,5.5142996441176,1.5533670225490668,13
2023,George Kittle,TE,00-0033288,5.356508012722802,3.4599439935384737,8.939180506362327,68.7222878131969,7.759634837384838,4.972648458868819,2.7869863785160187,11
2024,George Kittle,TE,00-0033288,5.2815268727374,3.668723241112197,8.318241465439604,84.82825340538106,7.129620650183149,5.109345686604235,2.0202749635789155,12
2024,Taysom Hill,TE,00-0033357,6.6969047619047615,3.7653366340918493,2.9029047619047623,77.14285714285715,5.482166666666667,4.563242440162017,0.9189242265046497,3
2019,Jacob Hollister,TE,00-0033387,6.304692279942279,3.2637561994155115,6.029951192718141,69.3879472693032,3.571077913279134,3.452819430334736,0.11825848294439743,9
2020,Jacob Hollister,TE,00-0033387,4.666375,2.9986719431675137,7.672547619047618,36.19047619047619,2.8273333333333324,3.4393230174499116,-0.6119896841165794,4
2021,Jacob Hollister,TE,00-0033387,5.55,2.7740101540942796,8.931666666666667,33.33333333333333,2.005000000000001,2.2470125413002506,-0.24201254130024985,1
2020,Pharaoh Brown,TE,00-0033439,6.746666666666667,2.7452091820408557,6.889999999999999,100.0,3.2359999999999998,3.3849425061962393,-0.1489425061962395,1
2021,Pharaoh Brown,TE,00-0033439,8.80875,3.7777333859791513,7.029,80.0,7.2925,6.01675356313342,1.27574643686658,2
2022,Pharaoh Brown,TE,00-0033439,6.206,3.9196666229190145,3.4530000000000007,50.0,4.419166666666664,4.53349319155176,-0.11432652488509598,2
2019,Anthony Firkser,TE,00-0033455,5.625,3.122919461418409,10.342000000000002,60.0,4.593333333333331,2.7240616353457576,1.8692716979875734,1
2020,Anthony Firkser,TE,00-0033455,6.916936936936938,2.2748229916452547,7.109299740441251,70.65039432963961,3.4731196581196575,3.0150989987323826,0.4580206593872747,6
2021,Anthony Firkser,TE,00-0033455,7.351111111111112,2.9383712010861607,5.87495238095238,70.47619047619048,2.4411111111111112,2.3373608604233147,0.10375025068779653,3
2019,Jeremy Sprinkle,TE,00-0033528,4.992,1.976692780058703,5.014999999999998,50.0,2.353333333333334,2.850893207245766,-0.49755987391243206,1
2018,Michael Roberts,TE,00-0033559,5.603333333333334,2.4563222560583013,5.046666666666667,50.0,2.7866666666666666,1.2888564754001284,1.4978101912665382,1
2018,Jake Butt,TE,00-0033564,4.166666666666667,3.013254871218958,7.302000000000001,80.0,6.555,5.422059749609161,1.1329402503908383,1
2021,Eric Saubert,TE,00-0033576,6.104,3.4569071491296426,6.696000000000001,60.0,2.353333333333334,1.791107452767695,0.562225880565639,1
2022,Eric Saubert,TE,00-0033576,4.746666666666667,3.9983065443224923,5.752857142857144,71.42857142857143,4.324,3.4509029057249334,0.8730970942750664,1
2024,Eric Saubert,TE,00-0033576,5.79,1.9895350153553881,4.258,80.0,0.8700000000000001,0.8351400539212364,0.03485994607876375,1
2017,Ricky Seals-Jones,TE,00-0033611,5.909625,1.8311417104664696,11.793916666666666,50.0,6.417500000000001,3.471030316673895,2.9464696833261055,4
2018,Ricky Seals-Jones,TE,00-0033611,5.045485294117647,2.7257898336956927,11.074352807971014,50.29136473429952,2.25972969187675,2.0581485949654565,0.20158109691129317,8
2019,Ricky Seals-Jones,TE,00-0033611,3.38,2.449598066103775,11.233333333333334,50.0,5.209999999999998,3.03311050613479,2.1768894938652084,1
2021,Ricky Seals-Jones,TE,00-0033611,7.341097402597401,3.7022624791813357,6.1782766439909285,65.26077097505667,5.447866666666668,5.694630049014192,-0.2467633823475232,5
2018,Jason Croom,TE,00-0033627,4.56725,3.0854462085941927,5.359999999999999,63.33333333333333,8.768333333333333,8.513846577498395,0.25448675583493685,2
2018,Blake Jarwin,TE,00-0033658,7.323928571428571,3.324056168249356,8.392261904761904,81.54761904761905,3.671309523809524,2.6192081316181848,1.0521013921913391,3
2019,Blake Jarwin,TE,00-0033658,3.938333333333333,1.525484133300216,11.918571428571427,85.71428571428571,0.16000000000000014,0.9973875780248136,-0.8373875780248135,1
2020,Robert Tonyan,TE,00-0033757,6.475978741496599,4.496602779028301,7.029965395480225,92.44552058111381,4.498225961538463,5.518810847341709,-1.0205848858032462,8
2021,Robert Tonyan,TE,00-0033757,5.479166666666666,3.2247955393105703,9.700571428571429,54.285714285714285,3.7449999999999983,3.4195932984853243,0.325406701514674,2
2022,Robert Tonyan,TE,00-0033757,7.492373977873977,4.337969978537706,5.116041506751954,78.29708599857854,5.6251786163522,6.808095539775661,-1.1829169234234598,5
2017,Jonnu Smith,TE,00-0033858,6.17875,2.8138723189988415,2.7290000000000014,70.0,5.711499999999997,7.0942477752885225,-1.3827477752885255,2
2018,Jonnu Smith,TE,00-0033858,6.698333333333333,5.3403882628996024,5.511250000000001,75.0,3.743333333333331,3.5184904787577884,0.22484285457554254,1
2019,Jonnu Smith,TE,00-0033858,5.54118817204301,3.785470325955712,5.578852380952382,78.38528138528139,5.933466666666665,3.736886027227132,2.196580639439534,5
2020,Jonnu Smith,TE,00-0033858,5.600269637769638,3.5004647483505003,5.49866687016687,64.11172161172162,5.852480126467932,4.828669404119443,1.0238107223484878,9
2021,Jonnu Smith,TE,00-0033858,5.269170634920634,4.122523383545823,5.016555555555555,59.81481481481482,9.869515873015871,8.197486962592253,1.6720289104236192,6
2023,Jonnu Smith,TE,00-0033858,6.7380841750841745,3.824078417635574,5.467369047619048,74.82804232804232,7.6708333333333325,5.696997085659213,1.9738362476741205,9
2024,Jonnu Smith,TE,00-0033858,6.442919011544011,3.4338977852160473,5.3457065295815305,81.83658496158496,5.741363906926407,5.220683821445527,0.5206800854808793,12
2017,O.J. Howard,TE,00-0033879,6.401,4.551324273712241,11.353333333333335,83.33333333333333,5.451249999999999,4.717226120259738,0.7340238797402607,2
2018,O.J. Howard,TE,00-0033879,3.932138095238095,2.406057160516571,10.203208333333333,70.27777777777779,5.747007843137256,4.361911955863915,1.3850958872733412,5
2019,O.J. Howard,TE,00-0033879,5.173119047619048,2.4007156239172933,9.869135155949172,66.3753048389167,3.332649859943978,3.1505830358232187,0.18206682412075928,7
2020,O.J. Howard,TE,00-0033879,6.9079999999999995,3.064095249581375,13.095833333333331,58.33333333333333,0.3466666666666665,1.2295305112159625,-0.882863844549296,2
2021,O.J. Howard,TE,00-0033879,4.151999999999999,4.238231986743827,3.5928571428571425,85.71428571428571,7.785,8.274313391931893,-0.4893133919318924,1
2022,O.J. Howard,TE,00-0033879,4.705,1.2798015505473113,14.808000000000002,40.0,1.2800000000000011,2.44858254265705,-1.1685825426570489,1
2017,Evan Engram,TE,00-0033881,5.878334058902667,2.749401971068546,7.9577645486845805,58.040673095020914,4.6843776573129245,4.424997960192889,0.25937969712003556,14
2018,Evan Engram,TE,00-0033881,5.822048212005108,4.369709940114322,5.320803516313934,70.55941358024691,9.055958994708995,6.232508044473481,2.823450950235513,9
2019,Evan Engram,TE,00-0033881,5.653322877901825,3.0381020796314915,6.096281151854681,61.90094219505985,5.70016835016835,4.039103282702908,1.6610650674654421,9
2020,Evan Engram,TE,00-0033881,6.278396761649774,2.981895281391472,7.074087462380466,57.65381534876948,4.428618386243387,3.5135221370928806,0.9150962491505058,12
2021,Evan Engram,TE,00-0033881,6.974583333333333,3.3232931664834733,4.728135844748859,60.425487754254874,4.162836627140974,3.98437829383908,0.1784583333018938,11
2022,Evan Engram,TE,00-0033881,7.136417388167389,3.4142362988109096,5.764621675943105,74.03035456606885,7.266939225918677,6.159911247705396,1.1070279782132821,12
2023,Evan Engram,TE,00-0033881,6.280603655603656,3.3576647933438135,4.686472857389523,79.96563621563621,4.7712082331248995,4.340201639878184,0.43100659324671614,18
2024,Evan Engram,TE,00-0033881,6.57427021919879,3.865844796063021,5.14490834435626,77.14561287477953,3.5650213328830356,4.139895555571755,-0.5748742226887199,9
2017,David Njoku,TE,00-0033885,5.850826923076923,2.3949471463677976,12.079821428571428,40.87301587301587,5.193020833333333,4.371399741884887,0.8216210914484456,6
2018,David Njoku,TE,00-0033885,5.699293394777267,3.143510709637553,8.536310515873016,62.743506493506494,5.222784722222222,3.897420122843387,1.3253645993788357,12
2019,David Njoku,TE,00-0033885,3.316,2.8804054004585686,7.1983333333333315,66.66666666666666,3.722500000000002,2.8631773354202323,0.8593226645797696,1
2020,David Njoku,TE,00-0033885,4.39725,1.666832474217816,7.037000000000001,60.0,6.0675,5.474165829025971,0.5933341709740292,2
2021,David Njoku,TE,00-0033885,4.279633333333334,2.571230647168311,10.951198921832884,69.58490566037736,8.279579365079366,5.449847936443006,2.8297314286363595,5
2022,David Njoku,TE,00-0033885,5.035712806026365,3.015066097344338,6.998908730158731,71.92791005291006,5.9380113574165305,4.898376544908596,1.039634812507934,12
2023,David Njoku,TE,00-0033885,5.459711161208669,3.316315811924673,5.797090895264241,63.48965010985916,7.696523746535651,5.492807152948271,2.20371659358738,14
2024,David Njoku,TE,00-0033885,6.559407789180517,3.2526439352698344,4.886042378684587,67.13463613402972,4.384465954184703,3.470347876449506,0.9141180777351976,11
2017,Gerald Everett,TE,00-0033895,8.395999999999999,5.5257996506553395,7.6116666666666655,50.0,2.250000000000002,2.4294709594053834,-0.17947095940538116,1
2018,Gerald Everett,TE,00-0033895,6.547016666666667,4.361720674751766,6.0425768707483,66.01360544217687,4.168700000000001,4.169206225419459,-0.0005062254194570847,5
2019,Gerald Everett,TE,00-0033895,5.24092365835223,2.9303296458517742,8.907931818181819,55.7449494949495,5.764501608751609,4.607607661578961,1.1568939471726474,6
2020,Gerald Everett,TE,00-0033895,4.872878513669619,3.7450233132644963,6.597179138321995,62.28147172847633,5.27338211382114,4.712062293461715,0.5613198203594244,7
2021,Gerald Everett,TE,00-0033895,7.348083333333333,4.729569458374592,4.976781179138323,76.91609977324264,5.118636904761905,4.927682555767163,0.1909543489947418,7
2022,Gerald Everett,TE,00-0033895,5.814041044776119,3.5669824746715757,6.117279853128991,65.02645502645503,6.657378352490421,5.610406537058323,1.046971815432097,12
2023,Gerald Everett,TE,00-0033895,5.856486607142857,3.796991639132318,3.544193948412698,71.2251984126984,5.4286729691876765,5.014764947675662,0.4139080215120138,8
2017,Adam Shaheen,TE,00-0033896,4.6979999999999995,3.586187410356003,9.138000000000002,80.0,3.6649999999999974,4.904694563154408,-1.2396945631544103,1
2021,Adam Shaheen,TE,00-0033896,3.1966666666666668,4.645324706232456,3.7299999999999978,80.0,1.7525000000000022,2.7192456041651667,-0.9667456041651645,1
2018,Dan Arnold,TE,00-0034011,5.5566666666666675,2.8250581354273394,9.508333333333333,66.66666666666666,2.357499999999998,2.656746845797784,-0.2992468457977857,1
2019,Dan Arnold,TE,00-0034011,7.239999999999999,3.144504465420218,14.411666666666664,66.66666666666666,4.995000000000001,3.446704566904941,1.5482954330950598,1
2020,Dan Arnold,TE,00-0034011,7.16548048048048,3.8933943639052657,14.744370370370369,62.96296296296296,4.897347670250896,4.249356905556911,0.6479907646939848,3
2021,Dan Arnold,TE,00-0034011,5.604802083333333,3.3744213182168026,6.36066575091575,63.65842490842491,5.901732142857142,5.119807738935985,0.7819244039211576,6
2019,Ross Dwelley,TE,00-0034073,4.79575,3.392733639809098,5.434714285714286,61.42857142857143,3.117500000000001,4.100263129572104,-0.9827631295721027,2
2018,Will Dissly,TE,00-0034159,4.45,2.5474917496405314,13.248999999999999,60.0,15.258333333333335,5.4497328380412,9.808600495292135,2
2019,Will Dissly,TE,00-0034159,4.920079365079366,3.2589110255354528,7.841083333333333,91.07142857142857,3.160301587301587,3.382743053562963,-0.2224414662613762,3
2020,Will Dissly,TE,00-0034159,7.285,4.992725777280122,4.380000000000001,80.0,4.307499999999999,4.1940371355108255,0.11346286448917375,1
2024,Will Dissly,TE,00-0034159,6.220969362745098,2.9434059584925896,5.3416054518398255,71.9517721861472,5.617756250000001,4.901991935380343,0.7157643146196582,8
2020,Tyler Conklin,TE,00-0034270,5.885000000000001,4.173699291083184,2.8618888888888905,72.22222222222221,5.624499999999998,7.323744864299289,-1.6992448642992901,3
2021,Tyler Conklin,TE,00-0034270,5.40222673992674,3.495703288903595,5.164656198686371,70.04720853858785,5.935067486338798,5.6795568460330115,0.25551064030578613,10
2022,Tyler Conklin,TE,00-0034270,5.678009374999999,4.118207008500693,6.765670963327861,66.82142857142858,4.719703448275863,4.477514240269814,0.24218920800604887,10
2023,Tyler Conklin,TE,00-0034270,6.184612318840578,3.527300414032064,6.692200328407224,73.41543513957306,4.547753497868253,4.251722451167273,0.29603104670097885,13
2024,Tyler Conklin,TE,00-0034270,6.767847718253969,4.170855184820711,5.948426587301588,72.7827380952381,5.998122549019607,6.038626481396067,-0.040503932376459995,8
2020,Deon Yelder,TE,00-0034319,6.0200000000000005,1.1213871993905478,8.983333333333334,33.33333333333333,2.164999999999999,1.5485959575496508,0.6164040424503483,1
2018,Dallas Goedert,TE,00-0034351,5.4133578431372555,3.4517239071625827,7.837131493506493,83.75,5.8692586580086585,5.081303181563923,0.7879554764447352,4
2019,Dallas Goedert,TE,00-0034351,5.850034451659451,3.0791129077123074,5.346891219084533,69.82650424510891,6.008024083196497,5.0154971022428745,0.9925269809536225,12
2020,Dallas Goedert,TE,00-0034351,6.579953703703704,2.750683249181817,8.833383055216391,68.6392619725953,4.071022256728779,3.8607472217424377,0.21027503498634115,9
2021,Dallas Goedert,TE,00-0034351,6.12235064935065,3.439820662158391,9.478399464570515,75.03550543024227,6.269288961038961,4.812516209366918,1.456772751672044,11
2022,Dallas Goedert,TE,00-0034351,6.003032196969696,3.502856022611795,5.875241402116402,80.18748562226823,6.442672348484849,5.651416211739295,0.7912561367455536,12
2023,Dallas Goedert,TE,00-0034351,6.4791271723445645,3.147282508024756,5.1207692631999855,73.54374206783845,5.250176095091349,4.311512530183586,0.9386635649077634,11
2024,Dallas Goedert,TE,00-0034351,6.324126242095755,3.958984288452267,5.721454286454286,82.22351722351722,6.61602380952381,5.479197824258078,1.1368259852657319,9
2019,Jordan Akins,TE,00-0034364,5.573030303030302,3.7304407982490586,7.971954401154401,56.26551226551227,8.566088888888888,6.753705665374314,1.812383223514575,5
2020,Jordan Akins,TE,00-0034364,5.030501960784314,4.070364662322357,7.134251700680272,78.43537414965988,4.254336164736165,3.6927264143912075,0.5616097503449575,5
2021,Jordan Akins,TE,00-0034364,5.325333333333333,3.0703229303585275,5.692666666666667,82.22222222222221,4.243166666666667,3.6483519571516356,0.5948147095150317,3
2022,Jordan Akins,TE,00-0034364,6.769485714285713,3.7542473331473944,5.746253703703704,63.70370370370371,6.26055045045045,5.6934425853103985,0.5671078651400506,5
2023,Jordan Akins,TE,00-0034364,5.49,3.8273712764402767,4.293333333333336,50.0,3.3133333333333326,3.6975968633609377,-0.38426353002760516,1
2024,Jordan Akins,TE,00-0034364,4.316814671814672,3.813929309352533,5.469154864532021,69.02709359605912,4.911104166666666,4.725761412982102,0.18534275368456365,4
2018,Ian Thomas,TE,00-0034365,5.951815039529324,3.5061422928229056,7.293965102924287,73.8165915716936,4.0937698412698404,3.9951029117145014,0.09866692955533914,7
2019,Ian Thomas,TE,00-0034365,5.480892857142857,2.761648741131305,9.067499999999999,35.0,8.952000000000002,7.850866845386963,1.1011331546130396,2
2020,Ian Thomas,TE,00-0034365,3.2399999999999998,2.2237417636128964,9.134000000000004,40.0,0.7449999999999974,1.1777073560861027,-0.4327073560861052,1
2021,Ian Thomas,TE,00-0034365,6.55,4.620660627583925,7.116,80.0,2.33,3.162083333963608,-0.8320833339636078,1
2020,Dalton Schultz,TE,00-0034383,6.359373937532002,3.07423713697236,6.816145291599787,72.6262707330123,4.592723809523809,3.443076992145163,1.1496468173786465,10
2021,Dalton Schultz,TE,00-0034383,5.529569547325101,3.5617575350425454,6.9523371591371586,77.12433862433863,4.831858424908426,4.540229343378298,0.2916290815301274,15
2022,Dalton Schultz,TE,00-0034383,6.186472107200369,3.1144863672577654,8.013948483294692,67.3178987575055,3.6538151629072684,3.113531073887012,0.5402840890202558,12
2023,Dalton Schultz,TE,00-0034383,5.948393196672608,3.2296331251641917,8.35370179063361,67.681031090122,3.9325980629539954,3.6461713378623766,0.2864267250916188,11
2024,Dalton Schultz,TE,00-0034383,6.772794148380355,3.2027511380037654,7.40598714031067,57.67061370002546,4.146196112064036,3.6609746895311974,0.4852214225328396,11
2020,Troy Fumagalli,TE,00-0034393,5.177499999999999,4.558376295215998,2.0659999999999967,80.0,13.965000000000003,8.821756095818955,5.143243904181048,1
2022,Tanner Hudson,TE,00-0034613,5.119999999999999,4.505685316053343,5.733999999999997,60.0,13.023333333333335,12.403452366371615,0.6198809669617198,1
2023,Tanner Hudson,TE,00-0034613,6.23553947368421,3.124440355999545,5.200342857142857,77.76190476190476,3.8391452991452995,3.6744900187633665,0.1646552803819327,6
2024,Tanner Hudson,TE,00-0034613,3.6060000000000003,5.840854862589372,2.324285714285714,85.71428571428571,5.098333333333334,4.881576957934612,0.21675637539872117,1
2018,Mark Andrews,TE,00-0034753,5.160637662337662,2.595849548397416,10.153106666666664,64.17142857142856,4.358578431372549,3.6020885420835866,0.7564898892889614,5
2019,Mark Andrews,TE,00-0034753,5.958988729219498,2.9082360690672977,10.11575459763604,63.3904182873255,3.727697191697193,3.6389003539213194,0.08879683777587233,13
2020,Mark Andrews,TE,00-0034753,6.142556566656514,2.7237892726870157,9.999016311069882,65.43728097299525,3.1118948510438664,3.330712329283448,-0.21881747823958222,14
2021,Mark Andrews,TE,00-0034753,6.408660656565656,3.1651538742396577,10.449917448927252,70.79832930323126,4.122959222285157,3.7957970258539566,0.3271621964311999,18
2022,Mark Andrews,TE,00-0034753,5.961455196031046,3.006091110648679,9.815819422542182,62.40622117557959,3.6008258996520985,3.4533973830523337,0.1474285165997651,16
2023,Mark Andrews,TE,00-0034753,5.6377146636432345,3.021118917915368,8.012157710989678,75.51153612629021,4.931092592592593,4.809653418118831,0.12143917447376179,9
2024,Mark Andrews,TE,00-0034753,5.295299074074074,3.564369379245573,9.881769513457558,79.92339544513457,3.1246318181818182,3.320232672747747,-0.19560085456592885,10
2018,Chris Herndon,TE,00-0034766,5.415485714285714,3.5170212876618336,9.220666666666665,66.66666666666666,5.390835164835165,4.23134057458393,1.1594945902512344,5
2020,Christopher Herndon,TE,00-0034766,7.849499999999999,3.9871926819965786,5.9444285714285705,73.09523809523809,5.169329877112135,4.757880680768731,0.41144919634340404,4
2020,Durham Smythe,TE,00-0034798,6.7775,2.7737106998872982,3.0260000000000007,100.0,4.973999999999999,3.249210487463279,1.7247895125367205,1
2021,Durham Smythe,TE,00-0034798,6.251666666666666,3.6662072347565626,6.144666666666666,87.77777777777779,4.155166666666668,5.714176121912911,-1.559009455246244,3
2022,Durham Smythe,TE,00-0034798,5.13,2.577384361978601,5.564000000000003,60.0,4.2933333333333294,4.566872637240749,-0.27353930390741965,1
2023,Durham Smythe,TE,00-0034798,5.0,3.5594161834164844,7.339714285714286,71.42857142857143,6.405999999999999,5.627311028522323,0.7786889714776759,2
2018,Mike Gesicki,TE,00-0034829,4.9174999999999995,3.1245450936730554,9.562999999999999,70.0,1.9383333333333364,3.1558401106307956,-1.2175067772974595,2
2019,Mike Gesicki,TE,00-0034829,5.78289917027417,2.6875015128044986,10.709709748974495,53.46575708935259,4.271063725490196,4.249829145942464,0.021234579547730854,12
2020,Mike Gesicki,TE,00-0034829,6.202002525252525,1.9223400413599518,10.998246290251638,64.60981086649537,3.9221262149799894,3.429249142630046,0.49287707234994316,11
2021,Mike Gesicki,TE,00-0034829,6.632457903207903,2.791682652125487,8.920252941502941,63.999195249195246,3.4733152315720814,4.148667659806219,-0.6753524282341382,13
2022,Mike Gesicki,TE,00-0034829,5.934024844720497,2.884212552679958,10.632664835164835,58.02197802197801,3.4393125000000007,4.077407287650805,-0.638094787650805,5
2023,Mike Gesicki,TE,00-0034829,6.305603174603175,3.1116532840462177,8.57025925925926,71.48148148148148,2.920505747126436,3.3528818424251363,-0.43237609529869997,3
2024,Mike Gesicki,TE,00-0034829,5.393633327183555,2.998936317184422,7.980838427785216,79.41134910010413,4.437098290598292,4.883397773373954,-0.4462994827756624,9
2019,Hayden Hurst,TE,00-0034830,5.848000000000001,2.6080076589178813,14.941500000000001,53.33333333333333,4.118749999999999,3.4061487928022416,0.7126012071977565,2
2020,Hayden Hurst,TE,00-0034830,6.9215496671787,3.432355803158959,7.102243506493505,67.56493506493506,4.3484742063492074,4.758930815520072,-0.410456609170865,12
2021,Hayden Hurst,TE,00-0034830,8.004000000000001,3.2354120498376027,12.27,80.0,5.124999999999999,5.732340123117183,-0.6073401231171838,1
2022,Hayden Hurst,TE,00-0034830,6.640609307359307,4.049492774995154,4.9524178974620146,77.07091927680163,3.9915233100233105,4.353579952600506,-0.3620566425771955,11
2023,Hayden Hurst,TE,00-0034830,8.061666666666666,2.7403138818243584,8.114285714285714,71.42857142857143,2.6519999999999997,3.72616554113671,-1.0741655411367104,1
2019,Irv Smith,TE,00-0034970,5.9550789473684205,3.319803314298699,6.112544326241135,77.4822695035461,3.3343611111111104,3.526761540981722,-0.19240042987061168,4
2020,Irv Smith,TE,00-0034970,4.4442361111111115,3.098380373887611,8.063968992248064,74.10852713178295,4.534708333333332,4.179548049514416,0.35516028381891507,4
2022,Irv Smith,TE,00-0034970,5.901833333333333,4.372855381417856,5.503944444444444,58.61111111111111,6.0020000000000024,5.500879735569591,0.5011202644304104,3
2023,Irv Smith,TE,00-0034970,7.536666666666666,3.9702170701312824,1.3319999999999985,60.0,2.1200000000000023,1.1421207936508229,0.9778792063491795,1
2021,Foster Moreau,TE,00-0034981,7.5406249999999995,3.9944277740706986,4.275722222222222,61.94444444444444,4.5012500000000015,4.341294589596984,0.1599554104030183,4
2022,Foster Moreau,TE,00-0034981,5.6039939393939395,3.2037403457215254,8.184571428571429,54.12698412698412,7.172848484848485,6.224320058646055,0.9485284262024308,5
2023,Foster Moreau,TE,00-0034981,5.29,3.3445178781252,2.1620000000000017,60.0,2.8233333333333306,4.208371704211572,-1.3850383708782417,1
2024,Foster Moreau,TE,00-0034981,6.376,4.519159671988872,11.276000000000002,60.0,2.6133333333333346,4.563348841967127,-1.950015508633792,1
2019,Kaden Smith,TE,00-0034988,4.918783333333334,2.764400629319394,5.1018954545454545,69.21212121212122,3.103416666666667,3.879755409769234,-0.776338743102567,5
2019,Hale Hentges,TE,00-0035025,4.716666666666666,3.2112843844743266,9.152857142857144,57.14285714285714,7.789999999999999,6.156310727404616,1.633689272595383,1
2021,Zach Gentry,TE,00-0035222,4.672499999999999,3.83752910707893,2.7399999999999998,80.0,6.83,6.5801211142143075,0.24987888578569262,1
2022,Zach Gentry,TE,00-0035222,5.678,3.860486465188482,3.0666666666666664,83.33333333333334,5.864,5.369740215450429,0.49425978454957065,1
2019,T.J. Hockenson,TE,00-0035229,6.022133333333334,2.3803158524876493,8.188726469118722,56.42474555307485,7.425059523809524,5.9378960069298685,1.487163516879655,7
2020,T.J. Hockenson,TE,00-0035229,5.7284509112286885,3.3033810058585593,7.253170339057715,66.49546502269274,5.069515547263681,5.208142345565606,-0.13862679830192554,12
2021,T.J. Hockenson,TE,00-0035229,6.420480430063764,2.9073932341953768,7.72719757094757,71.05980439313772,3.8316476927747423,3.7507442175248165,0.0809034752499259,9
2022,T.J. Hockenson,TE,00-0035229,6.577680204844425,2.9134257592461776,7.379139991554526,68.51430976430977,4.634117937833055,3.7008976348277,0.933220303005354,15
2023,T.J. Hockenson,TE,00-0035229,6.034326770028399,2.958285672196656,7.431725799088425,74.29355624378123,3.5040888829215895,3.4607331538726207,0.04335572904896913,14
2024,T.J. Hockenson,TE,00-0035229,6.085931501831501,3.1630959010237683,8.497683717357912,68.2557603686636,4.272718089430894,3.989684488900828,0.2830336005300661,10
2019,J.J. Arcega-Whiteside,WR,00-0035246,3.2540000000000004,2.445612980475013,11.49,40.0,3.75,2.257944429444292,1.4920555705557081,1
2021,Josh Oliver,TE,00-0035249,9.526666666666666,4.098526247553903,13.038,40.0,4.309999999999999,3.3938031957550265,0.9161968042449722,1
2022,Josh Oliver,TE,00-0035249,4.866666666666666,4.4511278702516455,11.868333333333332,66.66666666666666,8.095000000000002,6.854181212603294,1.2408187873967087,1
2024,Josh Oliver,TE,00-0035249,4.6537500000000005,3.719834936722952,9.406666666666665,83.33333333333333,4.745750000000001,4.079766795430919,0.6659832045690814,2
2019,Tommy Sweeney,TE,00-0035308,3.5980000000000003,4.346625483386306,9.656,100.0,5.543999999999999,5.18794326149972,0.3560567385002784,1
2021,Donald Parham,TE,00-0035329,4.83,5.5332090060999395,2.4620000000000006,80.0,9.8125,9.22183592681074,0.5906640731892594,1
2022,Donald Parham,TE,00-0035329,6.164,2.7256976705087115,7.054000000000002,80.0,1.1724999999999977,1.7399881770642196,-0.5674881770642219,1
2023,Donald Parham,TE,00-0035329,6.4495555555555555,3.404743900676135,7.022555555555556,76.66666666666667,6.611,4.8021510573514945,1.8088489426485053,3
2021,Tyree Jackson,TE,00-0035356,5.1,3.4469974489466297,8.190000000000001,60.0,2.690000000000003,2.5261283719663274,0.1638716280336756,1
2021,Kendall Blanton,TE,00-0035603,6.25,4.723820492607767,0.8620000000000004,100.0,10.538,8.918525591191974,1.619474408808026,1
2019,N'Keal Harry,WR,00-0035624,4.881428571428572,3.0794863558595873,11.455714285714286,35.71428571428571,2.3374999999999995,3.287912917118812,-0.9504129171188123,2
2020,N'Keal Harry,WR,00-0035624,5.943773809523809,3.1549938567405134,5.73084649122807,64.07894736842105,3.705828787878788,3.3800868589681436,0.3257419289106444,5
2021,N'Keal Harry,WR,00-0035624,3.835,2.254602051119144,15.342500000000001,36.666666666666664,5.029999999999998,5.0938276411288825,-0.06382764112888495,2
2020,Drew Sample,TE,00-0035631,6.133781249999999,3.7157125883364515,5.066333483078766,79.43046820405311,5.738531746031747,5.233923293038281,0.5046084529934659,6
2019,Noah Fant,TE,00-0035644,5.906733333333333,2.722308831202903,7.888547474747473,47.23232323232323,6.021133333333333,6.161121988461462,-0.1399886551281277,5
2020,Noah Fant,TE,00-0035644,5.919922174070061,3.516993189636514,6.8985041052137825,66.92529692529692,6.025936399621882,5.17593346217241,0.8500029374494725,13
2021,Noah Fant,TE,00-0035644,6.082909460633342,4.5060777396153675,5.504984648067982,75.87221420554754,6.011687726942628,5.406431173786835,0.6052565531557929,9
2022,Noah Fant,TE,00-0035644,7.117894688644689,3.6603970300133124,6.644873015873016,78.62433862433863,6.113305555555556,5.44246855211023,0.6708370034453252,6
2023,Noah Fant,TE,00-0035644,6.408888888888889,4.084504505996132,6.477333333333334,74.44444444444444,2.9405555555555556,3.0423656069344216,-0.101810051378866,3
2024,Noah Fant,TE,00-0035644,5.415686674669867,4.362242920400754,5.36569600340136,75.8843537414966,6.849863095238095,5.345328785227475,1.50453431001062,7
2019,Dawson Knox,TE,00-0035689,4.7058124999999995,2.7625814431582354,8.691216666666667,50.666666666666664,4.873660714285716,5.06749638989208,-0.1938356756063644,4
2020,Dawson Knox,TE,00-0035689,5.218999255952381,3.863775104999335,7.734675324675325,52.92207792207792,6.265729166666666,5.560914376942052,0.7048147897246133,4
2021,Dawson Knox,TE,00-0035689,5.265227148330597,3.3092160474603207,8.250769866110241,69.18057729090593,5.675414588057446,4.665250571564218,1.0101640164932293,9
2022,Dawson Knox,TE,00-0035689,5.7159450980392155,3.720074822069724,8.935493131868132,69.4084249084249,4.478679166666666,4.353384180038915,0.1252949866277513,10
2023,Dawson Knox,TE,00-0035689,4.318333333333333,3.8694521325953963,5.977333333333333,53.333333333333336,3.0866666666666673,3.6152821934473045,-0.5286155267806375,3
2024,Dawson Knox,TE,00-0035689,7.302000000000001,3.5293493227150274,10.313333333333333,66.66666666666666,3.0549999999999997,4.353954616539255,-1.2989546165392554,1
2021,Mitchell Wilcox,TE,00-0035771,8.32,2.8125310704010893,3.2340000000000004,60.0,3.0499999999999994,2.8341034093211683,0.21589659067883105,1
2022,Mitchell Wilcox,TE,00-0035771,6.17,4.956591616562213,2.4716666666666653,100.0,3.361666666666668,2.975891564683252,0.38577510198341614,1
2022,Juwan Johnson,TE,00-0036040,4.835761446886447,2.851327039854884,8.67246978021978,67.24358974358974,4.047154761904761,3.38573488974179,0.6614198721629718,8
2023,Juwan Johnson,TE,00-0036040,4.886011111111112,2.821230452989708,7.936950497713209,67.27737422652676,4.275350600600601,4.03343611709214,0.24191448350846087,6
2024,Juwan Johnson,TE,00-0036040,5.9539254385964915,3.4529697066380374,7.396589363017935,74.70006184291898,4.683823809523809,4.52720165099826,0.15662215852554853,7
2022,Lawrence Cager,TE,00-0036145,5.7425,3.929150181011695,4.218999999999999,80.0,5.465,5.067715804779482,0.39728419522051794,1
2020,Harrison Bryant,TE,00-0036232,6.287111111111112,2.740713803931934,9.668222222222223,57.61904761904762,4.674166666666667,3.9784178778191595,0.6957487888475075,3
2022,Harrison Bryant,TE,00-0036232,6.106499999999999,3.172778051655543,6.58797619047619,61.9047619047619,3.655000000000002,5.541332768815522,-1.8863327688155203,2
2023,Harrison Bryant,TE,00-0036232,5.536666666666667,2.81680022960019,7.172833333333331,83.33333333333333,6.390500000000001,6.471310840564856,-0.08081084056485377,2
2024,Harrison Bryant,TE,00-0036232,5.0249999999999995,3.922222768666818,3.2960000000000007,60.0,6.779999999999997,4.9881326502863885,1.7918673497136082,1
2022,Colby Parkinson,TE,00-0036244,8.164,2.6767596387085546,6.420833333333334,60.714285714285715,1.9653333333333318,2.0584546251895555,-0.09312129185622386,2
2023,Colby Parkinson,TE,00-0036244,7.949999999999999,2.5607654960772015,6.555999999999999,60.0,3.0966666666666662,2.5224561620607346,0.5742105046059316,1
2024,Colby Parkinson,TE,00-0036244,7.511984953703704,3.5149017471377295,5.508478283621142,58.70225013082157,5.309321428571428,6.065613254709422,-0.7562918261379945,6
2020,Cole Kmet,TE,00-0036290,6.478419354838709,4.0558223260664,5.429121212121212,62.60822510822511,6.042200000000001,6.440534884548187,-0.398334884548186,5
2021,Cole Kmet,TE,00-0036290,5.388817068503636,3.371570055177751,6.64670618091586,68.19454738809578,5.069628205128205,4.290064274476417,0.7795639306517889,13
2022,Cole Kmet,TE,00-0036290,5.970206730769231,4.63252564520192,6.190018892339546,73.99844720496894,6.861991666666666,6.683800586146786,0.1781910805198807,8
2023,Cole Kmet,TE,00-0036290,6.615198412698413,4.081703722435159,6.72360085978836,81.51455026455027,4.482901799304196,4.517447777939502,-0.034545978635305806,12
2024,Cole Kmet,TE,00-0036290,7.266511904761906,4.5069290311905,7.168109090909091,85.27272727272728,4.6223176291793315,5.093307367174829,-0.47098973799549765,5
2021,Josiah Deguara,TE,00-0036332,7.82,3.397454603654444,2.854000000000002,60.0,5.406666666666664,5.683283961885688,-0.27661729521902423,1
2022,Josiah Deguara,TE,00-0036332,4.8525,4.035066981277302,5.801999999999998,100.0,2.398000000000002,3.321494321223909,-0.9234943212239073,1
2021,Adam Trautman,TE,00-0036422,6.032466666666666,3.3169646596905267,5.564678571428571,57.26190476190477,2.832399999999999,4.5457576754275495,-1.7133576754275495,5
2023,Adam Trautman,TE,00-0036422,4.991666666666667,4.4112172623821495,5.229000000000001,90.0,2.825999999999999,4.12831647915868,-1.3023164791586805,2
2020,Albert Okwuegbunam,TE,00-0036423,7.725666666666667,3.108014652679291,9.566071428571428,66.66666666666666,10.242142857142856,7.4744751687223765,2.76766768842048,2
2021,Albert Okwuegbunam,TE,00-0036423,6.296250000000001,3.666035085987173,1.5080000000000002,90.0,6.192499999999999,4.449491102966727,1.743008897033273,2
2022,Albert Okwuegbunam,TE,00-0036423,4.538499999999999,3.1577500997180925,4.799999999999999,66.66666666666667,5.341333333333334,5.131348687437382,0.20998464589595245,2
2023,Stephen Sullivan,TE,00-0036438,6.045,3.3604514715366838,7.263000000000001,70.0,0.27999999999999936,1.1312749693572441,-0.8512749693572448,2
2021,Shane Zylstra,TE,00-0036534,6.753333333333333,1.8183743300318052,8.973333333333334,33.33333333333333,0.19500000000000028,2.3165792639044867,-2.1215792639044864,1
2022,Shane Zylstra,TE,00-0036534,4.68,2.793365803127145,8.481666666666664,83.33333333333334,0.6780000000000015,0.6976745351933005,-0.01967453519329898,1
2021,Brevin Jordan,TE,00-0036556,6.035,5.776550732282938,7.177142857142856,57.14285714285714,2.865000000000002,3.1461382070250465,-0.28113820702504455,1
2022,Brevin Jordan,TE,00-0036556,7.5655,4.654852983486974,3.2409999999999997,60.0,7.16625,6.901502301237315,0.2647476987626849,2
2023,Brevin Jordan,TE,00-0036556,6.095,5.021206123698445,6.020000000000001,60.0,14.11,10.947468361893565,3.162531638106435,1
2022,Quintin Morris,TE,00-0036590,9.33,5.058011012969016,8.146,60.0,9.606666666666667,9.575847228531984,0.030819438134683352,1
2022,John Bates,TE,00-0036628,6.3525,6.06005261668074,1.3583333333333318,66.66666666666666,3.6800000000000033,5.014727323531957,-1.3347273235319541,1
2023,John Bates,TE,00-0036628,5.890000000000001,5.042426837275417,4.912000000000001,60.0,3.8949999999999982,3.8104226417045197,0.08457735829547874,2
2023,Noah Gray,TE,00-0036637,6.662749999999999,3.369233718324049,6.656000000000001,50.0,5.626666666666666,2.801062455133774,2.825604211532892,2
2024,Noah Gray,TE,00-0036637,6.034861261261261,3.718605401142728,6.171696598639455,69.65986394557822,4.49265,4.249033799074779,0.2436162009252211,5
2021,Brock Wright,TE,00-0036754,6.978,3.5762188275860742,3.95,60.0,6.8266666666666636,10.023071271581406,-3.1964046049147425,1
2024,Brock Wright,TE,00-0036754,4.3025,4.655979975150499,4.718000000000001,80.0,4.317499999999999,4.254858168990609,0.06264183100939036,1
2022,Kylen Granson,TE,00-0036876,9.970416666666665,3.594340871582254,6.116547619047619,54.76190476190476,3.0183333333333326,3.7633237743754413,-0.7449904410421087,2
2023,Kylen Granson,TE,00-0036876,6.487567765567766,3.659871216908147,8.151466666666666,59.52380952380952,4.626916666666666,4.970426720566838,-0.3435100539001714,4
2023,Luke Farrell,TE,00-0036887,7.646666666666666,3.1891899672694093,4.839999999999998,60.0,14.716666666666669,10.767667726100777,3.9489989405658914,1
2021,Pat Freiermuth,TE,00-0036894,5.698658333333334,3.0953283306345165,5.422202089612216,71.91239702632107,4.267107142857142,2.9386842308486516,1.3284229120084912,10
2022,Pat Freiermuth,TE,00-0036894,5.929836557539683,2.6553111051358114,8.078969340513984,63.87896825396825,5.141362103174603,3.3288269474615766,1.8125351557130267,12
2023,Pat Freiermuth,TE,00-0036894,7.001147619047619,3.0107731810441254,8.015265487703786,63.052086211660686,4.604647222222222,3.785555435735598,0.8190917864866245,5
2024,Pat Freiermuth,TE,00-0036894,7.701877785596998,3.548578079952359,6.42140318015318,75.81478045763761,4.162102040816326,3.1801287354508907,0.9819733053654353,7
2021,Kyle Pitts,TE,00-0036970,6.1483435916919955,2.3424632871816757,10.419909113455986,61.33635461760461,4.484026931605976,3.583910176905407,0.9001167547005691,16
2022,Kyle Pitts,TE,00-0036970,6.76011691252588,2.963381357430297,13.228509054681194,45.9570049771321,5.01788988095238,4.395160901023734,0.6227289799286463,8
2023,Kyle Pitts,TE,00-0036970,6.369200892857143,2.377228741001439,11.151982533670035,55.39562289562289,3.119780248577418,3.0734931517753377,0.046287096802080985,12
2024,Kyle Pitts,TE,00-0036970,6.018100389863547,3.4564071517489072,10.027079496162829,63.56940273606941,8.535823764493978,6.011349439176623,2.524474325317354,9
2021,Tommy Tremble,TE,00-0037005,5.3625,2.3736462899114974,5.230000000000001,40.0,2.179999999999996,2.2881844196386396,-0.10818441963864345,1
2022,Tommy Tremble,TE,00-0037005,5.675,4.210331896929799,8.691666666666665,50.0,6.163333333333337,6.999204179109256,-0.8358708457759194,1
2023,Tommy Tremble,TE,00-0037005,6.46,3.613891029002668,8.991666666666665,66.66666666666666,9.69,6.250554224566599,3.4394457754334002,1
2024,Tommy Tremble,TE,00-0037005,7.93,2.9128907988442405,5.811250000000001,62.5,7.712000000000001,6.491170640328451,1.2208293596715496,1
2022,Tre' McKitty,TE,00-0037011,6.6625,5.257511071776098,6.433333333333333,50.0,5.293333333333332,7.407843509913316,-2.1145101765799836,1
2023,Cole Turner,TE,00-0037078,4.963333333333334,1.8692761737696226,9.128571428571426,57.14285714285714,1.2200000000000042,2.2830413558543796,-1.0630413558543754,1
2024,Grant Calcaterra,TE,00-0037086,7.333333333333333,5.457032692616938,1.542000000000001,100.0,4.457999999999999,4.217731623528562,0.2402683764714375,1
2022,Greg Dulcich,TE,00-0037252,6.653206506006659,3.5047741707073454,11.93044733044733,64.16666666666666,4.74875541125541,4.359458023060664,0.3892973881947475,7
2024,Greg Dulcich,TE,00-0037252,4.531428571428572,3.373464460169787,6.836250000000001,37.5,4.106666666666666,3.6936407647663905,0.4130259019002751,1
2023,Connor Heyward,TE,00-0037304,3.3333333333333335,2.6036533198063476,3.8900000000000006,83.33333333333334,2.1199999999999988,2.672977426266107,-0.552977426266108,1
2024,Stone Smartt,TE,00-0037475,5.541666666666667,4.359800434338669,8.816666666666665,83.33333333333334,2.5140000000000002,3.6911167136610628,-1.1771167136610625,1
2023,Lucas Krull,TE,00-0037539,5.865,3.5916989374789408,5.348000000000001,80.0,5.324999999999999,5.423207213531498,-0.09820721353149864,1
2022,Peyton Hendershot,TE,00-0037569,8.697999999999999,1.5092758708760354,10.577999999999998,40.0,-0.18999999999999773,0.3164240665522584,-0.5064240665522561,1
2022,Trey McBride,TE,00-0037744,4.727083333333333,4.048232065675246,7.589111111111112,66.66666666666667,4.616349206349205,3.3314921833506825,1.2848570229985228,3
2023,Trey McBride,TE,00-0037744,5.217722777222777,3.465637893496551,5.697148795648795,74.34239764428443,5.983571530321531,5.06020266667283,0.9233688636487,13
2024,Trey McBride,TE,00-0037744,5.005360786435786,3.414773836351976,6.717492243867244,75.97436954579811,4.7249960674960665,4.025173206943069,0.6998228605529988,15
2022,Jelani Woods,TE,00-0037755,5.35975,3.4517014654472353,11.57688888888889,74.44444444444444,4.5322916666666675,4.432305637810094,0.09998602885657348,2
2022,Chigoziem Okonkwo,TE,00-0037809,7.349333333333334,3.243117808333289,6.577142028985508,77.91304347826087,7.294312500000001,5.215823817062569,2.0784886829374325,5
2023,Chigoziem Okonkwo,TE,00-0037809,5.0861592261904764,3.9024822377024053,7.0414776334776334,69.34163059163059,5.222250000000001,5.536231065163291,-0.3139810651632897,8
2024,Chigoziem Okonkwo,TE,00-0037809,7.0069473544973535,3.8890718343818502,6.613356421356421,66.25541125541126,4.16640349002849,3.757303251358577,0.4091002386699134,6
2022,Isaiah Likely,TE,00-0037838,6.15649659291326,3.784924720594209,7.860771978021979,61.20879120879121,4.374976851851853,3.4368777709946166,0.9380990808572361,6
2023,Isaiah Likely,TE,00-0037838,6.510222222222222,4.991414857044593,4.224047619047618,73.80952380952381,8.757833333333332,6.840743945281602,1.9170893880517317,3
2024,Isaiah Likely,TE,00-0037838,7.313990208204493,4.3588543123031025,10.14491714559387,71.65229885057471,6.489335978835979,5.064096645664426,1.4252393331715536,6
2022,Jake Ferguson,TE,00-0038041,6.288,3.097668690608954,5.359999999999999,66.66666666666666,5.2775,6.502271675504971,-1.2247716755049716,1
2023,Jake Ferguson,TE,00-0038041,5.6708214931542225,3.2948457567324616,5.368316876750702,69.23219287715087,5.609840088147935,4.3695987644044925,1.2402413237434413,14
2024,Jake Ferguson,TE,00-0038041,5.999426751523766,3.350563294932532,3.7762797767771343,70.04827800810887,5.44783879961846,5.015810656519056,0.43202814309940474,11
2022,Charlie Kolar,TE,00-0038046,8.158,2.1473312846107047,8.049999999999999,66.66666666666666,5.3675000000000015,4.428237882947883,0.9392621170521185,1
2022,Daniel Bellinger,TE,00-0038115,6.105999999999999,4.758211221395625,1.6846666666666656,93.33333333333333,6.1081666666666665,5.891533499095803,0.2166331675708649,3
2023,Daniel Bellinger,TE,00-0038115,6.3075,5.199609177424948,5.7219999999999995,80.0,4.59,3.6986677345907992,0.8913322654092006,1
2024,Daniel Bellinger,TE,00-0038115,10.108,3.1927675478674034,5.5514285714285725,71.42857142857143,3.987999999999998,2.435521034134001,1.5524789658659972,1
2022,Cade Otton,TE,00-0038129,6.464293396226415,3.391215171376026,5.569690842490843,61.27106227106227,5.1855738095238095,4.378280606732192,0.8072932027916184,10
2023,Cade Otton,TE,00-0038129,6.498585,3.1818427675045022,6.645878456203829,67.5376526458616,4.184818085106384,3.8796612404628887,0.30515684464349435,10
2024,Cade Otton,TE,00-0038129,5.953940917107584,2.864449114349325,4.709599297573435,68.63180242490587,4.233762510088782,3.4416587768436346,0.7921037332451468,9
2023,Will Mallory,TE,00-0038394,9.215,3.5343836821781793,4.777999999999999,100.0,4.4220000000000015,5.170973381992553,-0.7489733819925517,1
2024,Luke Schoonmaker,TE,00-0038547,5.965555555555555,2.775669909039726,4.945777777777778,81.11111111111111,3.217111111111112,2.9511348490389495,0.26597626207216196,3
2023,Josh Whyle,TE,00-0038589,5.075,3.7123943307756577,10.286,40.0,2.155000000000001,5.2412065115868245,-3.0862065115868234,1
2024,Josh Whyle,TE,00-0038589,6.733333333333333,4.234907379190759,5.777238095238094,83.80952380952381,2.377833333333333,2.9950043998281974,-0.6171710664948644,3
2023,Dalton Kincaid,TE,00-0038933,6.046212765083018,3.568825223241333,6.744422785547786,79.6724703867561,4.708146561364272,4.428264596431854,0.2798819649324177,14
2024,Dalton Kincaid,TE,00-0038933,5.644511544011544,3.453835275962344,9.080554112554113,55.506493506493506,6.045555096418733,5.2517809977867955,0.7937740986319372,11
2024,Brenton Strange,TE,00-0038935,6.933966666666666,2.9899777594156767,7.641463522012579,71.42767295597484,4.320095454545454,3.5618484140357025,0.7582470405097513,5
2023,Tucker Kraft,TE,00-0038996,4.8728,3.890768303564625,3.432000000000001,66.66666666666666,7.285833333333334,6.457536354116948,0.8282969792163847,5
2024,Tucker Kraft,TE,00-0038996,6.3283598057644115,4.69138996969118,4.58555753968254,73.45238095238095,8.037054166666666,5.877356613991539,2.1596975526751265,8
2024,Payne Durham,TE,00-0039050,6.53,4.672575211656269,6.107142857142857,71.42857142857143,1.8739999999999981,1.9199063721270022,-0.0459063721270041,1
2023,Sam LaPorta,TE,00-0039065,6.004930575597242,3.2179243670314666,6.983683662016996,72.76570651570653,4.001603230999549,3.370710930166622,0.6308923008329269,18
2024,Sam LaPorta,TE,00-0039065,6.041015211640211,3.3400686009995226,7.177187440237138,71.79790590935168,4.677740079365079,3.8177396950390254,0.8600003843260536,12
2023,Michael Mayer,TE,00-0039066,5.922833333333333,3.6515972273525747,4.944916666666668,75.83333333333334,5.309333333333331,4.108645556049664,1.2006877772836677,4
2024,Michael Mayer,TE,00-0039066,6.837777777777777,4.6910630992272715,7.068888888888888,77.77777777777779,3.1271428571428594,2.4963106422997208,0.6308322148431387,1
2023,Davis Allen,TE,00-0039074,2.64,5.439140951918665,2.678000000000003,80.0,9.652499999999996,10.021317483605344,-0.3688174836053477,1
2024,Davis Allen,TE,00-0039074,5.6899999999999995,4.0858482149317465,2.3516666666666666,83.33333333333334,4.162000000000001,4.537897920176485,-0.3758979201764845,1
2023,Luke Musgrave,TE,00-0039144,5.655357142857143,4.20790731130019,5.160213664596274,76.25879917184265,4.659911764705882,4.846173704690216,-0.18626193998433305,5
2024,Brock Bowers,TE,00-0039338,6.450225376438078,3.317731288336648,6.324095005790777,73.15851581017021,5.317731315559441,4.398392019197878,0.9193392963615626,16
2024,Ja'Tavion Sanders,TE,00-0039356,6.677766666666666,4.712051501060864,5.573771428571429,74.28571428571429,7.2234,6.297982136778828,0.9254178632211719,5
2024,Brevyn Spann-Ford,TE,00-0039530,8.36,5.600225848408806,4.239999999999998,80.0,8.880000000000003,9.436400665133533,-0.5564006651335305,1
2024,AJ Barner,TE,00-0039793,6.447666666666667,4.098422384309206,1.104428571428572,78.57142857142857,5.440250000000001,4.077054542576877,1.3631954574231229,2
2024,Theo Johnson,TE,00-0039847,5.6678,4.345204982160733,6.350133333333334,73.33333333333333,6.023866666666668,5.361535650886415,0.6623310157802514,5
